university_code,student_code,course_code,term_code,attempt_no,score,letter_grade,grade_point,status
HUS,25000001,HUS1011,20251,1,7.3,B,3.0,passed
HUS,25000001,MAT2400,20251,1,5.2,D+,1.5,passed
HUS,25000001,MAT2501,20251,1,5.5,C,2.0,passed
HUS,25000001,MAT3500,20251,1,6.3,C,2.0,passed
HUS,25000001,PHI1006,20251,1,9.0,A+,4.0,passed
HUS,25000001,FLF1107,20252,1,6.2,C,2.0,passed
HUS,25000001,HUS1023,20252,1,5.7,C,2.0,passed
HUS,25000001,MAT2502,20252,1,7.5,B,3.0,passed
HUS,25000001,MAT2505,20252,1,9.5,A+,4.0,passed
HUS,25000001,MAT3557,20252,1,5.8,C,2.0,passed
HUS,25000001,PEC1008,20252,1,8.7,A,3.7,passed
HUS,25000002,HUS1011,20251,1,7.0,B,3.0,passed
HUS,25000002,MAT2400,20251,1,8.3,B+,3.5,passed
HUS,25000002,MAT2501,20251,1,7.3,B,3.0,passed
HUS,25000002,MAT3500,20251,1,9.5,A+,4.0,passed
HUS,25000002,PHI1006,20251,1,8.7,A,3.7,passed
HUS,25000002,FLF1107,20252,1,9.8,A+,4.0,passed
HUS,25000002,HUS1022,20252,1,10.0,A+,4.0,passed
HUS,25000002,MAT2502,20252,1,8.5,A,3.7,passed
HUS,25000002,MAT2505,20252,1,8.2,B+,3.5,passed
HUS,25000002,MAT3557,20252,1,8.7,A,3.7,passed
HUS,25000002,PEC1008,20252,1,6.6,C+,2.5,passed
HUS,25000003,HUS1011,20251,1,3.6,F,0.0,failed
HUS,25000003,MAT2400,20251,1,6.1,C,2.0,passed
HUS,25000003,MAT2501,20251,1,5.1,D+,1.5,passed
HUS,25000003,MAT3500,20251,1,5.6,C,2.0,passed
HUS,25000003,PHI1006,20251,1,7.8,B,3.0,passed
HUS,25000003,HUS1011,20252,2,4.4,D,1.0,passed
HUS,25000003,FLF1107,20252,1,5.1,D+,1.5,passed
HUS,25000003,HUS1023,20252,1,7.4,B,3.0,passed
HUS,25000003,MAT2502,20252,1,4.0,D,1.0,passed
HUS,25000003,MAT3557,20252,1,2.9,F,0.0,failed
HUS,25000003,PEC1008,20252,1,8.1,B+,3.5,passed
HUS,25000004,HUS1011,20251,1,6.7,C+,2.5,passed
HUS,25000004,MAT2400,20251,1,6.0,C,2.0,passed
HUS,25000004,MAT2501,20251,1,6.4,C,2.0,passed
HUS,25000004,MAT3500,20251,1,5.8,C,2.0,passed
HUS,25000004,PHI1006,20251,1,4.7,D,1.0,passed
HUS,25000004,FLF1107,20252,1,5.3,D+,1.5,passed
HUS,25000004,HUS1023,20252,1,6.6,C+,2.5,passed
HUS,25000004,MAT2502,20252,1,6.7,C+,2.5,passed
HUS,25000004,MAT2505,20252,1,5.4,D+,1.5,passed
HUS,25000004,MAT3557,20252,1,4.4,D,1.0,passed
HUS,25000004,PEC1008,20252,1,7.0,B,3.0,passed
HUS,25000005,HUS1011,20251,1,7.7,B,3.0,passed
HUS,25000005,MAT2400,20251,1,6.4,C,2.0,passed
HUS,25000005,MAT2501,20251,1,5.5,C,2.0,passed
HUS,25000005,MAT3500,20251,1,7.6,B,3.0,passed
HUS,25000005,PHI1006,20251,1,5.2,D+,1.5,passed
HUS,25000005,FLF1107,20252,1,8.4,B+,3.5,passed
HUS,25000005,HUS1023,20252,1,7.0,B,3.0,passed
HUS,25000005,MAT2502,20252,1,8.9,A,3.7,passed
HUS,25000005,MAT2505,20252,1,7.7,B,3.0,passed
HUS,25000005,MAT3557,20252,1,7.5,B,3.0,passed
HUS,25000005,PEC1008,20252,1,4.8,D,1.0,passed
HUS,25000006,HUS1011,20251,1,5.9,C,2.0,passed
HUS,25000006,MAT2400,20251,1,6.6,C+,2.5,passed
HUS,25000006,MAT2501,20251,1,5.1,D+,1.5,passed
HUS,25000006,MAT3500,20251,1,6.7,C+,2.5,passed
HUS,25000006,PHI1006,20251,1,6.3,C,2.0,passed
HUS,25000006,FLF1107,20252,1,6.3,C,2.0,passed
HUS,25000006,HUS1023,20252,1,6.5,C+,2.5,passed
HUS,25000006,MAT2502,20252,1,5.4,D+,1.5,passed
HUS,25000006,MAT2505,20252,1,7.2,B,3.0,passed
HUS,25000006,MAT3557,20252,1,7.9,B,3.0,passed
HUS,25000006,PEC1008,20252,1,8.1,B+,3.5,passed
HUS,25000007,HUS1011,20251,1,4.9,D,1.0,passed
HUS,25000007,MAT2400,20251,1,7.4,B,3.0,passed
HUS,25000007,MAT2501,20251,1,5.9,C,2.0,passed
HUS,25000007,MAT3500,20251,1,5.9,C,2.0,passed
HUS,25000007,PHI1006,20251,1,7.2,B,3.0,passed
HUS,25000007,FLF1107,20252,1,7.1,B,3.0,passed
HUS,25000007,HUS1022,20252,1,5.8,C,2.0,passed
HUS,25000007,MAT2502,20252,1,5.3,D+,1.5,passed
HUS,25000007,MAT2505,20252,1,7.6,B,3.0,passed
HUS,25000007,MAT3557,20252,1,8.0,B+,3.5,passed
HUS,25000007,PEC1008,20252,1,6.7,C+,2.5,passed
HUS,25000008,HUS1011,20251,1,7.2,B,3.0,passed
HUS,25000008,MAT2400,20251,1,8.1,B+,3.5,passed
HUS,25000008,MAT2501,20251,1,7.8,B,3.0,passed
HUS,25000008,MAT3500,20251,1,4.7,D,1.0,passed
HUS,25000008,PHI1006,20251,1,5.0,D+,1.5,passed
HUS,25000008,FLF1107,20252,1,6.3,C,2.0,passed
HUS,25000008,HUS1022,20252,1,6.1,C,2.0,passed
HUS,25000008,MAT2502,20252,1,8.0,B+,3.5,passed
HUS,25000008,MAT2505,20252,1,7.1,B,3.0,passed
HUS,25000008,MAT3557,20252,1,5.7,C,2.0,passed
HUS,25000008,PEC1008,20252,1,5.5,C,2.0,passed
HUS,25000009,FLF1107,20251,1,,,,exempted
HUS,25000009,HUS1011,20251,1,5.8,C,2.0,passed
HUS,25000009,MAT2400,20251,1,5.6,C,2.0,passed
HUS,25000009,MAT2501,20251,1,8.3,B+,3.5,passed
HUS,25000009,MAT3500,20251,1,7.5,B,3.0,passed
HUS,25000009,PHI1006,20251,1,10.0,A+,4.0,passed
HUS,25000009,HUS1022,20252,1,9.3,A+,4.0,passed
HUS,25000009,MAT2502,20252,1,7.4,B,3.0,passed
HUS,25000009,MAT2505,20252,1,3.8,F,0.0,failed
HUS,25000009,PEC1008,20252,1,9.2,A+,4.0,passed
HUS,25000010,HUS1011,20251,1,9.0,A+,4.0,passed
HUS,25000010,MAT2400,20251,1,8.5,A,3.7,passed
HUS,25000010,MAT2501,20251,1,7.3,B,3.0,passed
HUS,25000010,MAT3500,20251,1,8.1,B+,3.5,passed
HUS,25000010,PHI1006,20251,1,9.3,A+,4.0,passed
HUS,25000010,FLF1107,20252,1,8.2,B+,3.5,passed
HUS,25000010,HUS1023,20252,1,9.2,A+,4.0,passed
HUS,25000010,MAT2502,20252,1,6.4,C,2.0,passed
HUS,25000010,MAT2505,20252,1,8.2,B+,3.5,passed
HUS,25000010,MAT3557,20252,1,5.3,D+,1.5,passed
HUS,25000010,PEC1008,20252,1,6.0,C,2.0,passed
HUS,25000011,HUS1011,20251,1,5.6,C,2.0,passed
HUS,25000011,MAT2400,20251,1,9.0,A+,4.0,passed
HUS,25000011,MAT2501,20251,1,10.0,A+,4.0,passed
HUS,25000011,MAT3500,20251,1,8.7,A,3.7,passed
HUS,25000011,PHI1006,20251,1,7.1,B,3.0,passed
HUS,25000011,FLF1107,20252,1,7.7,B,3.0,passed
HUS,25000011,HUS1023,20252,1,6.5,C+,2.5,passed
HUS,25000011,MAT2502,20252,1,7.6,B,3.0,passed
HUS,25000011,MAT2505,20252,1,2.6,F,0.0,failed
HUS,25000011,MAT3557,20252,1,5.4,D+,1.5,passed
HUS,25000011,PEC1008,20252,1,6.1,C,2.0,passed
HUS,25000012,HUS1011,20251,1,5.7,C,2.0,passed
HUS,25000012,MAT2400,20251,1,4.0,D,1.0,passed
HUS,25000012,MAT2501,20251,1,6.8,C+,2.5,passed
HUS,25000012,MAT3500,20251,1,3.9,F,0.0,failed
HUS,25000012,PHI1006,20251,1,8.0,B+,3.5,passed
HUS,25000012,MAT3500,20252,2,6.1,C,2.0,passed
HUS,25000012,FLF1107,20252,1,4.5,D,1.0,passed
HUS,25000012,HUS1023,20252,1,4.9,D,1.0,passed
HUS,25000012,MAT2505,20252,1,5.9,C,2.0,passed
HUS,25000012,MAT3557,20252,1,6.0,C,2.0,passed
HUS,25000012,PEC1008,20252,1,7.8,B,3.0,passed
HUS,25000013,HUS1011,20251,1,5.7,C,2.0,passed
HUS,25000013,MAT2400,20251,1,3.8,F,0.0,failed
HUS,25000013,MAT2501,20251,1,4.3,D,1.0,passed
HUS,25000013,MAT3500,20251,1,3.7,F,0.0,failed
HUS,25000013,PHI1006,20251,1,6.4,C,2.0,passed
HUS,25000013,MAT2400,20252,2,4.9,D,1.0,passed
HUS,25000013,MAT3500,20252,2,5.5,C,2.0,passed
HUS,25000013,FLF1107,20252,1,7.3,B,3.0,passed
HUS,25000013,HUS1023,20252,1,7.4,B,3.0,passed
HUS,25000013,MAT2502,20252,1,2.4,F,0.0,failed
HUS,25000014,HUS1011,20251,1,6.3,C,2.0,passed
HUS,25000014,MAT2400,20251,1,8.3,B+,3.5,passed
HUS,25000014,MAT2501,20251,1,6.1,C,2.0,passed
HUS,25000014,MAT3500,20251,1,8.5,A,3.7,passed
HUS,25000014,PHI1006,20251,1,7.6,B,3.0,passed
HUS,25000014,FLF1107,20252,1,6.2,C,2.0,passed
HUS,25000014,HUS1022,20252,1,6.3,C,2.0,passed
HUS,25000014,MAT2502,20252,1,10.0,A+,4.0,passed
HUS,25000014,MAT2505,20252,1,6.3,C,2.0,passed
HUS,25000014,MAT3557,20252,1,6.7,C+,2.5,passed
HUS,25000014,PEC1008,20252,1,7.0,B,3.0,passed
HUS,25000015,HUS1011,20251,1,9.2,A+,4.0,passed
HUS,25000015,MAT2400,20251,1,9.7,A+,4.0,passed
HUS,25000015,MAT2501,20251,1,10.0,A+,4.0,passed
HUS,25000015,MAT3500,20251,1,8.7,A,3.7,passed
HUS,25000015,PHI1006,20251,1,7.7,B,3.0,passed
HUS,25000015,FLF1107,20252,1,8.0,B+,3.5,passed
HUS,25000015,HUS1022,20252,1,5.7,C,2.0,passed
HUS,25000015,MAT2502,20252,1,9.5,A+,4.0,passed
HUS,25000015,MAT2505,20252,1,9.6,A+,4.0,passed
HUS,25000015,MAT3557,20252,1,8.4,B+,3.5,passed
HUS,25000015,PEC1008,20252,1,7.1,B,3.0,passed
HUS,25000016,HUS1011,20251,1,5.0,D+,1.5,passed
HUS,25000016,MAT2400,20251,1,4.4,D,1.0,passed
HUS,25000016,MAT2501,20251,1,5.9,C,2.0,passed
HUS,25000016,MAT3500,20251,1,5.8,C,2.0,passed
HUS,25000016,PHI1006,20251,1,6.4,C,2.0,passed
HUS,25000016,FLF1107,20252,1,4.3,D,1.0,passed
HUS,25000016,HUS1022,20252,1,7.1,B,3.0,passed
HUS,25000016,MAT2502,20252,1,5.5,C,2.0,passed
HUS,25000016,MAT2505,20252,1,4.0,D,1.0,passed
HUS,25000016,MAT3557,20252,1,6.4,C,2.0,passed
HUS,25000016,PEC1008,20252,1,4.7,D,1.0,passed
HUS,25000017,HUS1011,20251,1,6.6,C+,2.5,passed
HUS,25000017,MAT2400,20251,1,7.2,B,3.0,passed
HUS,25000017,MAT2501,20251,1,5.2,D+,1.5,passed
HUS,25000017,MAT3500,20251,1,4.8,D,1.0,passed
HUS,25000017,PHI1006,20251,1,6.1,C,2.0,passed
HUS,25000017,FLF1107,20252,1,6.0,C,2.0,passed
HUS,25000017,HUS1022,20252,1,8.4,B+,3.5,passed
HUS,25000017,MAT2502,20252,1,7.1,B,3.0,passed
HUS,25000017,MAT2505,20252,1,7.8,B,3.0,passed
HUS,25000017,MAT3557,20252,1,7.5,B,3.0,passed
HUS,25000017,PEC1008,20252,1,5.8,C,2.0,passed
HUS,25000018,FLF1107,20251,1,,,,exempted
HUS,25000018,HUS1011,20251,1,3.5,F,0.0,failed
HUS,25000018,MAT2400,20251,1,7.3,B,3.0,passed
HUS,25000018,MAT2501,20251,1,9.8,A+,4.0,passed
HUS,25000018,MAT3500,20251,1,9.1,A+,4.0,passed
HUS,25000018,PHI1006,20251,1,7.2,B,3.0,passed
HUS,25000018,HUS1011,20252,2,4.6,D,1.0,passed
HUS,25000018,HUS1022,20252,1,8.6,A,3.7,passed
HUS,25000018,MAT2502,20252,1,8.7,A,3.7,passed
HUS,25000018,MAT3557,20252,1,8.5,A,3.7,passed
HUS,25000018,PEC1008,20252,1,6.1,C,2.0,passed
HUS,25000019,HUS1011,20251,1,9.1,A+,4.0,passed
HUS,25000019,MAT2400,20251,1,9.9,A+,4.0,passed
HUS,25000019,MAT2501,20251,1,10.0,A+,4.0,passed
HUS,25000019,MAT3500,20251,1,10.0,A+,4.0,passed
HUS,25000019,PHI1006,20251,1,9.2,A+,4.0,passed
HUS,25000019,FLF1107,20252,1,9.5,A+,4.0,passed
HUS,25000019,HUS1023,20252,1,9.4,A+,4.0,passed
HUS,25000019,MAT2502,20252,1,10.0,A+,4.0,passed
HUS,25000019,MAT2505,20252,1,7.4,B,3.0,passed
HUS,25000019,PEC1008,20252,1,9.2,A+,4.0,passed
HUS,25000020,FLF1107,20251,1,,,,exempted
HUS,25000020,HUS1011,20251,1,5.6,C,2.0,passed
HUS,25000020,MAT2400,20251,1,6.6,C+,2.5,passed
HUS,25000020,MAT2501,20251,1,5.9,C,2.0,passed
HUS,25000020,MAT3500,20251,1,4.9,D,1.0,passed
HUS,25000020,PHI1006,20251,1,5.2,D+,1.5,passed
HUS,25000020,HUS1022,20252,1,7.5,B,3.0,passed
HUS,25000020,MAT2502,20252,1,8.3,B+,3.5,passed
HUS,25000020,MAT2505,20252,1,7.2,B,3.0,passed
HUS,25000020,MAT3557,20252,1,5.8,C,2.0,passed
HUS,25000020,PEC1008,20252,1,6.9,C+,2.5,passed
HUS,25000021,HUS1011,20251,1,8.5,A,3.7,passed
HUS,25000021,MAT2400,20251,1,7.2,B,3.0,passed
HUS,25000021,MAT2501,20251,1,10.0,A+,4.0,passed
HUS,25000021,MAT3500,20251,1,9.5,A+,4.0,passed
HUS,25000021,PHI1006,20251,1,8.6,A,3.7,passed
HUS,25000021,FLF1107,20252,1,10.0,A+,4.0,passed
HUS,25000021,HUS1023,20252,1,10.0,A+,4.0,passed
HUS,25000021,MAT2502,20252,1,9.1,A+,4.0,passed
HUS,25000021,MAT2505,20252,1,5.7,C,2.0,passed
HUS,25000021,MAT3557,20252,1,9.4,A+,4.0,passed
HUS,25000021,PEC1008,20252,1,8.8,A,3.7,passed
HUS,25000022,HUS1011,20251,1,5.7,C,2.0,passed
HUS,25000022,MAT2400,20251,1,7.1,B,3.0,passed
HUS,25000022,MAT2501,20251,1,7.9,B,3.0,passed
HUS,25000022,MAT3500,20251,1,6.5,C+,2.5,passed
HUS,25000022,PHI1006,20251,1,8.4,B+,3.5,passed
HUS,25000022,FLF1107,20252,1,4.8,D,1.0,passed
HUS,25000022,HUS1023,20252,1,5.9,C,2.0,passed
HUS,25000022,MAT2502,20252,1,7.0,B,3.0,passed
HUS,25000022,MAT2505,20252,1,6.2,C,2.0,passed
HUS,25000022,MAT3557,20252,1,6.1,C,2.0,passed
HUS,25000022,PEC1008,20252,1,6.8,C+,2.5,passed
HUS,25000023,HUS1011,20251,1,9.7,A+,4.0,passed
HUS,25000023,MAT2400,20251,1,6.7,C+,2.5,passed
HUS,25000023,MAT2501,20251,1,6.9,C+,2.5,passed
HUS,25000023,MAT3500,20251,1,7.2,B,3.0,passed
HUS,25000023,PHI1006,20251,1,6.7,C+,2.5,passed
HUS,25000023,FLF1107,20252,1,10.0,A+,4.0,passed
HUS,25000023,HUS1023,20252,1,9.6,A+,4.0,passed
HUS,25000023,MAT2502,20252,1,7.5,B,3.0,passed
HUS,25000023,MAT2505,20252,1,7.4,B,3.0,passed
HUS,25000023,MAT3557,20252,1,7.1,B,3.0,passed
HUS,25000023,PEC1008,20252,1,8.1,B+,3.5,passed
HUS,25000024,HUS1011,20251,1,4.9,D,1.0,passed
HUS,25000024,MAT2400,20251,1,3.4,F,0.0,failed
HUS,25000024,MAT2501,20251,1,5.1,D+,1.5,passed
HUS,25000024,MAT3500,20251,1,4.3,D,1.0,passed
HUS,25000024,PHI1006,20251,1,5.3,D+,1.5,passed
HUS,25000024,HUS1023,20252,1,6.4,C,2.0,passed
HUS,25000024,MAT2502,20252,1,4.4,D,1.0,passed
HUS,25000024,MAT2505,20252,1,4.1,D,1.0,passed
HUS,25000024,MAT3557,20252,1,5.0,D+,1.5,passed
HUS,25000024,PEC1008,20252,1,5.7,C,2.0,passed
HUS,25000025,FLF1107,20251,1,,,,exempted
HUS,25000025,HUS1011,20251,1,7.3,B,3.0,passed
HUS,25000025,MAT2400,20251,1,6.6,C+,2.5,passed
HUS,25000025,MAT2501,20251,1,6.9,C+,2.5,passed
HUS,25000025,MAT3500,20251,1,7.1,B,3.0,passed
HUS,25000025,PHI1006,20251,1,5.9,C,2.0,passed
HUS,25000025,HUS1023,20252,1,8.1,B+,3.5,passed
HUS,25000025,MAT2502,20252,1,7.4,B,3.0,passed
HUS,25000025,MAT2505,20252,1,6.3,C,2.0,passed
HUS,25000025,MAT3557,20252,1,3.5,F,0.0,failed
HUS,25000025,PEC1008,20252,1,8.2,B+,3.5,passed
HUS,24000001,HUS1011,20241,1,7.0,B,3.0,passed
HUS,24000001,MAT2400,20241,1,6.3,C,2.0,passed
HUS,24000001,MAT2501,20241,1,7.3,B,3.0,passed
HUS,24000001,MAT3500,20241,1,8.7,A,3.7,passed
HUS,24000001,PHI1006,20241,1,7.4,B,3.0,passed
HUS,24000001,FLF1107,20242,1,7.2,B,3.0,passed
HUS,24000001,HUS1023,20242,1,7.1,B,3.0,passed
HUS,24000001,MAT2502,20242,1,6.1,C,2.0,passed
HUS,24000001,MAT2505,20242,1,8.0,B+,3.5,passed
HUS,24000001,MAT3557,20242,1,5.4,D+,1.5,passed
HUS,24000001,PEC1008,20242,1,6.3,C,2.0,passed
HUS,24000001,HUS1012,20251,1,8.0,B+,3.5,passed
HUS,24000001,HUS1021,20251,1,8.1,B+,3.5,passed
HUS,24000001,MAT1202,20251,1,8.0,B+,3.5,passed
HUS,24000001,MAT2323,20251,1,7.4,B,3.0,passed
HUS,24000001,MAT2503,20251,1,7.9,B,3.0,passed
HUS,24000001,MAT3514,20251,1,9.1,A+,4.0,passed
HUS,24000001,PHI1002,20251,1,6.4,C,2.0,passed
HUS,24000001,HIS1001,20252,1,6.9,C+,2.5,passed
HUS,24000001,MAT2403,20252,1,6.4,C,2.0,passed
HUS,24000001,MAT3148,20252,1,6.7,C+,2.5,passed
HUS,24000001,MAT3379,20252,1,6.5,C+,2.5,passed
HUS,24000001,MAT3533,20252,1,7.0,B,3.0,passed
HUS,24000002,HUS1011,20241,1,8.2,B+,3.5,passed
HUS,24000002,MAT2400,20241,1,6.7,C+,2.5,passed
HUS,24000002,MAT2501,20241,1,6.2,C,2.0,passed
HUS,24000002,MAT3500,20241,1,8.5,A,3.7,passed
HUS,24000002,PHI1006,20241,1,6.7,C+,2.5,passed
HUS,24000002,FLF1107,20242,1,5.2,D+,1.5,passed
HUS,24000002,HUS1022,20242,1,7.5,B,3.0,passed
HUS,24000002,MAT2502,20242,1,5.3,D+,1.5,passed
HUS,24000002,MAT2505,20242,1,7.6,B,3.0,passed
HUS,24000002,MAT3557,20242,1,8.3,B+,3.5,passed
HUS,24000002,PEC1008,20242,1,7.4,B,3.0,passed
HUS,24000002,HUS1012,20251,1,5.6,C,2.0,passed
HUS,24000002,HUS1024,20251,1,6.5,C+,2.5,passed
HUS,24000002,MAT1202,20251,1,8.4,B+,3.5,passed
HUS,24000002,MAT2323,20251,1,8.6,A,3.7,passed
HUS,24000002,MAT2503,20251,1,7.1,B,3.0,passed
HUS,24000002,MAT3514,20251,1,8.2,B+,3.5,passed
HUS,24000002,PHI1002,20251,1,7.2,B,3.0,passed
HUS,24000002,HIS1001,20252,1,6.9,C+,2.5,passed
HUS,24000002,MAT2403,20252,1,5.0,D+,1.5,passed
HUS,24000002,MAT3148,20252,1,6.8,C+,2.5,passed
HUS,24000002,MAT3379,20252,1,5.6,C,2.0,passed
HUS,24000002,MAT3507,20252,1,6.0,C,2.0,passed
HUS,24000002,MAT3533,20252,1,6.9,C+,2.5,passed
HUS,24000003,MAT2400,20241,1,7.8,B,3.0,passed
HUS,24000003,MAT2501,20241,1,7.3,B,3.0,passed
HUS,24000003,MAT3500,20241,1,6.6,C+,2.5,passed
HUS,24000003,HUS1011,20242,1,5.9,C,2.0,passed
HUS,24000003,PHI1006,20242,1,6.6,C+,2.5,passed
HUS,24000003,FLF1107,20242,1,7.1,B,3.0,passed
HUS,24000003,HUS1023,20242,1,10.0,A+,4.0,passed
HUS,24000003,MAT2502,20242,1,7.2,B,3.0,passed
HUS,24000003,MAT3557,20242,1,6.6,C+,2.5,passed
HUS,24000003,MAT2505,20251,1,6.9,C+,2.5,passed
HUS,24000003,PEC1008,20251,1,8.6,A,3.7,passed
HUS,24000003,HIS1056,20251,1,8.8,A,3.7,passed
HUS,24000003,HUS1012,20251,1,7.3,B,3.0,passed
HUS,24000003,MAT2323,20251,1,8.0,B+,3.5,passed
HUS,24000003,MAT2503,20251,1,8.6,A,3.7,passed
HUS,24000003,PHI1002,20251,1,7.4,B,3.0,passed
HUS,24000003,MAT1202,20252,1,6.3,C,2.0,passed
HUS,24000003,MAT3514,20252,1,7.4,B,3.0,passed
HUS,24000003,HIS1001,20252,1,7.7,B,3.0,passed
HUS,24000003,MAT2403,20252,1,9.5,A+,4.0,passed
HUS,24000003,MAT3507,20252,1,8.7,A,3.7,passed
HUS,24000003,MAT3533,20252,1,10.0,A+,4.0,passed
HUS,24000004,FLF1107,20241,1,,,,exempted
HUS,24000004,HUS1011,20241,1,8.3,B+,3.5,passed
HUS,24000004,MAT2400,20241,1,8.9,A,3.7,passed
HUS,24000004,MAT2501,20241,1,9.0,A+,4.0,passed
HUS,24000004,MAT3500,20241,1,8.4,B+,3.5,passed
HUS,24000004,PHI1006,20241,1,6.4,C,2.0,passed
HUS,24000004,HUS1023,20242,1,10.0,A+,4.0,passed
HUS,24000004,MAT2502,20242,1,7.6,B,3.0,passed
HUS,24000004,MAT2505,20242,1,6.4,C,2.0,passed
HUS,24000004,MAT3557,20242,1,6.9,C+,2.5,passed
HUS,24000004,PEC1008,20242,1,6.9,C+,2.5,passed
HUS,24000004,HUS1012,20251,1,5.9,C,2.0,passed
HUS,24000004,HUS1021,20251,1,7.9,B,3.0,passed
HUS,24000004,MAT1202,20251,1,9.0,A+,4.0,passed
HUS,24000004,MAT2323,20251,1,8.7,A,3.7,passed
HUS,24000004,MAT2503,20251,1,9.4,A+,4.0,passed
HUS,24000004,MAT3514,20251,1,9.3,A+,4.0,passed
HUS,24000004,PHI1002,20251,1,8.6,A,3.7,passed
HUS,24000004,HIS1001,20252,1,5.2,D+,1.5,passed
HUS,24000004,MAT2403,20252,1,7.3,B,3.0,passed
HUS,24000004,MAT3148,20252,1,7.8,B,3.0,passed
HUS,24000004,MAT3379,20252,1,9.5,A+,4.0,passed
HUS,24000004,MAT3507,20252,1,10.0,A+,4.0,passed
HUS,24000004,MAT3533,20252,1,8.8,A,3.7,passed
HUS,24000005,FLF1107,20241,1,,,,exempted
HUS,24000005,HUS1011,20241,1,4.8,D,1.0,passed
HUS,24000005,MAT2400,20241,1,5.7,C,2.0,passed
HUS,24000005,MAT2501,20241,1,6.6,C+,2.5,passed
HUS,24000005,MAT3500,20241,1,6.5,C+,2.5,passed
HUS,24000005,PHI1006,20241,1,4.4,D,1.0,passed
HUS,24000005,HUS1022,20242,1,4.0,D,1.0,passed
HUS,24000005,MAT2502,20242,1,6.2,C,2.0,passed
HUS,24000005,MAT2505,20242,1,5.3,D+,1.5,passed
HUS,24000005,MAT3557,20242,1,5.7,C,2.0,passed
HUS,24000005,PEC1008,20242,1,4.0,D,1.0,passed
HUS,24000005,HUS1012,20251,1,6.2,C,2.0,passed
HUS,24000005,HUS1021,20251,1,7.4,B,3.0,passed
HUS,24000005,MAT1202,20251,1,5.5,C,2.0,passed
HUS,24000005,MAT2323,20251,1,7.3,B,3.0,passed
HUS,24000005,MAT2503,20251,1,6.7,C+,2.5,passed
HUS,24000005,MAT3514,20251,1,5.4,D+,1.5,passed
HUS,24000005,PHI1002,20251,1,2.5,F,0.0,failed
HUS,24000005,PHI1002,20252,2,3.0,F,0.0,failed
HUS,24000005,HIS1001,20252,1,5.0,D+,1.5,passed
HUS,24000005,MAT2403,20252,1,8.3,B+,3.5,passed
HUS,24000005,MAT3148,20252,1,4.4,D,1.0,passed
HUS,24000005,MAT3379,20252,1,1.7,F,0.0,failed
HUS,24000005,MAT3507,20252,1,5.4,D+,1.5,passed
HUS,24000005,MAT3533,20252,1,7.5,B,3.0,passed
HUS,24000006,HUS1011,20241,1,7.3,B,3.0,passed
HUS,24000006,MAT2400,20241,1,8.2,B+,3.5,passed
HUS,24000006,MAT2501,20241,1,4.6,D,1.0,passed
HUS,24000006,MAT3500,20241,1,7.4,B,3.0,passed
HUS,24000006,PHI1006,20241,1,7.7,B,3.0,passed
HUS,24000006,FLF1107,20242,1,5.8,C,2.0,passed
HUS,24000006,HUS1022,20242,1,9.1,A+,4.0,passed
HUS,24000006,MAT2502,20242,1,6.9,C+,2.5,passed
HUS,24000006,MAT2505,20242,1,6.7,C+,2.5,passed
HUS,24000006,MAT3557,20242,1,8.5,A,3.7,passed
HUS,24000006,PEC1008,20242,1,8.6,A,3.7,passed
HUS,24000006,HUS1012,20251,1,6.0,C,2.0,passed
HUS,24000006,HUS1024,20251,1,9.5,A+,4.0,passed
HUS,24000006,MAT1202,20251,1,5.9,C,2.0,passed
HUS,24000006,MAT2323,20251,1,9.3,A+,4.0,passed
HUS,24000006,MAT2503,20251,1,7.3,B,3.0,passed
HUS,24000006,MAT3514,20251,1,7.9,B,3.0,passed
HUS,24000006,PHI1002,20251,1,7.1,B,3.0,passed
HUS,24000006,HIS1001,20252,1,7.4,B,3.0,passed
HUS,24000006,MAT2403,20252,1,7.1,B,3.0,passed
HUS,24000006,MAT3148,20252,1,10.0,A+,4.0,passed
HUS,24000006,MAT3379,20252,1,8.0,B+,3.5,passed
HUS,24000006,MAT3507,20252,1,9.6,A+,4.0,passed
HUS,24000006,MAT3533,20252,1,3.9,F,0.0,failed
HUS,24000007,HUS1011,20241,1,4.5,D,1.0,passed
HUS,24000007,MAT2400,20241,1,7.3,B,3.0,passed
HUS,24000007,MAT2501,20241,1,7.6,B,3.0,passed
HUS,24000007,MAT3500,20241,1,7.4,B,3.0,passed
HUS,24000007,PHI1006,20242,1,7.9,B,3.0,passed
HUS,24000007,FLF1107,20242,1,7.8,B,3.0,passed
HUS,24000007,HUS1023,20242,1,7.6,B,3.0,passed
HUS,24000007,MAT2502,20242,1,9.1,A+,4.0,passed
HUS,24000007,MAT2505,20242,1,5.3,D+,1.5,passed
HUS,24000007,MAT3557,20242,1,4.8,D,1.0,passed
HUS,24000007,PEC1008,20251,1,3.3,F,0.0,failed
HUS,24000007,HUS1012,20251,1,4.3,D,1.0,passed
HUS,24000007,HUS1024,20251,1,7.2,B,3.0,passed
HUS,24000007,MAT1202,20251,1,6.6,C+,2.5,passed
HUS,24000007,MAT2323,20251,1,10.0,A+,4.0,passed
HUS,24000007,MAT2503,20251,1,7.6,B,3.0,passed
HUS,24000007,MAT3514,20251,1,5.1,D+,1.5,passed
HUS,24000007,PHI1002,20251,1,5.1,D+,1.5,passed
HUS,24000007,PEC1008,20252,2,7.2,B,3.0,passed
HUS,24000007,HIS1001,20252,1,5.9,C,2.0,passed
HUS,24000007,MAT2403,20252,1,8.6,A,3.7,passed
HUS,24000007,MAT3148,20252,1,3.5,F,0.0,failed
HUS,24000007,MAT3379,20252,1,7.1,B,3.0,passed
HUS,24000007,MAT3533,20252,1,6.7,C+,2.5,passed
HUS,24000008,HUS1011,20241,1,4.9,D,1.0,passed
HUS,24000008,MAT2400,20241,1,2.6,F,0.0,failed
HUS,24000008,MAT2501,20241,1,0.5,F,0.0,failed
HUS,24000008,MAT3500,20241,1,4.0,D,1.0,passed
HUS,24000008,PHI1006,20241,1,3.9,F,0.0,failed
HUS,24000008,MAT2501,20242,2,1.3,F,0.0,failed
HUS,24000008,FLF1107,20242,1,5.2,D+,1.5,passed
HUS,24000008,HUS1022,20242,1,7.5,B,3.0,passed
HUS,24000008,MAT3557,20242,1,7.7,B,3.0,passed
HUS,24000008,MAT2501,20251,3,4.0,D,1.0,passed
HUS,24000008,PHI1006,20251,2,5.8,C,2.0,passed
HUS,24000008,MAT2505,20251,1,6.3,C,2.0,passed
HUS,24000008,HUS1012,20251,1,6.7,C+,2.5,passed
HUS,24000008,HUS1024,20251,1,10.0,A+,4.0,passed
HUS,24000008,MAT2502,20252,1,2.2,F,0.0,failed
HUS,24000008,PEC1008,20252,1,6.1,C,2.0,passed
HUS,24000008,MAT1202,20252,1,6.8,C+,2.5,passed
HUS,24000008,MAT3514,20252,1,3.2,F,0.0,failed
HUS,24000008,PHI1002,20252,1,4.2,D,1.0,passed
HUS,24000008,HIS1001,20252,1,6.4,C,2.0,passed
HUS,24000008,MAT3507,20252,1,6.8,C+,2.5,passed
HUS,24000009,FLF1107,20241,1,,,,exempted
HUS,24000009,MAT2400,20241,1,9.1,A+,4.0,passed
HUS,24000009,MAT2501,20241,1,9.0,A+,4.0,passed
HUS,24000009,MAT3500,20241,1,9.2,A+,4.0,passed
HUS,24000009,HUS1011,20242,1,5.2,D+,1.5,passed
HUS,24000009,PHI1006,20242,1,7.2,B,3.0,passed
HUS,24000009,HUS1023,20242,1,10.0,A+,4.0,passed
HUS,24000009,MAT2502,20242,1,9.6,A+,4.0,passed
HUS,24000009,MAT3557,20242,1,7.7,B,3.0,passed
HUS,24000009,MAT2505,20251,1,5.6,C,2.0,passed
HUS,24000009,PEC1008,20251,1,8.9,A,3.7,passed
HUS,24000009,HUS1012,20251,1,8.0,B+,3.5,passed
HUS,24000009,HUS1021,20251,1,10.0,A+,4.0,passed
HUS,24000009,MAT2323,20251,1,7.2,B,3.0,passed
HUS,24000009,MAT2503,20251,1,10.0,A+,4.0,passed
HUS,24000009,PHI1002,20251,1,9.7,A+,4.0,passed
HUS,24000009,MAT1202,20252,1,6.6,C+,2.5,passed
HUS,24000009,MAT3514,20252,1,7.6,B,3.0,passed
HUS,24000009,HIS1001,20252,1,8.8,A,3.7,passed
HUS,24000009,MAT2403,20252,1,9.9,A+,4.0,passed
HUS,24000009,MAT3379,20252,1,9.6,A+,4.0,passed
HUS,24000009,MAT3507,20252,1,7.6,B,3.0,passed
HUS,24000010,HUS1011,20241,1,3.6,F,0.0,failed
HUS,24000010,MAT2400,20241,1,6.1,C,2.0,passed
HUS,24000010,MAT2501,20241,1,6.8,C+,2.5,passed
HUS,24000010,MAT3500,20241,1,1.9,F,0.0,failed
HUS,24000010,PHI1006,20241,1,4.5,D,1.0,passed
HUS,24000010,FLF1107,20242,1,6.0,C,2.0,passed
HUS,24000010,HUS1022,20242,1,4.0,D,1.0,passed
HUS,24000010,MAT2502,20242,1,6.6,C+,2.5,passed
HUS,24000010,MAT3557,20242,1,7.8,B,3.0,passed
HUS,24000010,PEC1008,20242,1,4.6,D,1.0,passed
HUS,24000010,HUS1011,20251,2,2.8,F,0.0,failed
HUS,24000010,HUS1012,20251,1,4.2,D,1.0,passed
HUS,24000010,HUS1024,20251,1,7.2,B,3.0,passed
HUS,24000010,MAT2323,20251,1,6.2,C,2.0,passed
HUS,24000010,MAT2503,20251,1,5.9,C,2.0,passed
HUS,24000010,PHI1002,20251,1,3.0,F,0.0,failed
HUS,24000010,MAT3500,20252,2,6.6,C+,2.5,passed
HUS,24000010,HIS1001,20252,1,6.1,C,2.0,passed
HUS,24000010,MAT2403,20252,1,6.2,C,2.0,passed
HUS,24000010,MAT3533,20252,1,4.7,D,1.0,passed
HUS,24000011,MAT2400,20241,1,5.8,C,2.0,passed
HUS,24000011,MAT2501,20241,1,5.4,D+,1.5,passed
HUS,24000011,MAT3500,20241,1,4.9,D,1.0,passed
HUS,24000011,PHI1006,20241,1,9.8,A+,4.0,passed
HUS,24000011,HUS1011,20242,1,5.1,D+,1.5,passed
HUS,24000011,FLF1107,20242,1,4.3,D,1.0,passed
HUS,24000011,MAT2502,20242,1,8.6,A,3.7,passed
HUS,24000011,MAT3557,20242,1,7.7,B,3.0,passed
HUS,24000011,PEC1008,20242,1,6.0,C,2.0,passed
HUS,24000011,HUS1023,20251,1,7.5,B,3.0,passed
HUS,24000011,MAT2505,20251,1,5.3,D+,1.5,passed
HUS,24000011,HIS1056,20251,1,7.1,B,3.0,passed
HUS,24000011,HUS1012,20251,1,5.3,D+,1.5,passed
HUS,24000011,MAT2323,20251,1,3.7,F,0.0,failed
HUS,24000011,MAT2503,20251,1,6.4,C,2.0,passed
HUS,24000011,PHI1002,20251,1,7.9,B,3.0,passed
HUS,24000011,MAT2323,20252,2,7.7,B,3.0,passed
HUS,24000011,MAT1202,20252,1,5.2,D+,1.5,passed
HUS,24000011,MAT3514,20252,1,5.2,D+,1.5,passed
HUS,24000011,HIS1001,20252,1,5.7,C,2.0,passed
HUS,24000011,MAT2403,20252,1,6.3,C,2.0,passed
HUS,24000011,MAT3507,20252,1,5.8,C,2.0,passed
HUS,24000012,HUS1011,20241,1,6.4,C,2.0,passed
HUS,24000012,MAT2400,20241,1,7.7,B,3.0,passed
HUS,24000012,MAT2501,20241,1,8.4,B+,3.5,passed
HUS,24000012,MAT3500,20241,1,9.4,A+,4.0,passed
HUS,24000012,PHI1006,20241,1,4.8,D,1.0,passed
HUS,24000012,FLF1107,20242,1,6.2,C,2.0,passed
HUS,24000012,HUS1022,20242,1,10.0,A+,4.0,passed
HUS,24000012,MAT2502,20242,1,9.2,A+,4.0,passed
HUS,24000012,MAT2505,20242,1,5.7,C,2.0,passed
HUS,24000012,MAT3557,20242,1,7.3,B,3.0,passed
HUS,24000012,PEC1008,20242,1,5.1,D+,1.5,passed
HUS,24000012,HUS1012,20251,1,8.1,B+,3.5,passed
HUS,24000012,HUS1024,20251,1,10.0,A+,4.0,passed
HUS,24000012,MAT1202,20251,1,5.7,C,2.0,passed
HUS,24000012,MAT2323,20251,1,6.9,C+,2.5,passed
HUS,24000012,MAT2503,20251,1,5.6,C,2.0,passed
HUS,24000012,MAT3514,20251,1,4.1,D,1.0,passed
HUS,24000012,PHI1002,20252,1,5.8,C,2.0,passed
HUS,24000012,HIS1001,20252,1,4.1,D,1.0,passed
HUS,24000012,MAT2403,20252,1,6.7,C+,2.5,passed
HUS,24000012,MAT3148,20252,1,10.0,A+,4.0,passed
HUS,24000012,MAT3379,20252,1,8.1,B+,3.5,passed
HUS,24000012,MAT3507,20252,1,8.2,B+,3.5,passed
HUS,24000012,MAT3533,20252,1,8.1,B+,3.5,passed
HUS,24000013,HUS1011,20241,1,5.1,D+,1.5,passed
HUS,24000013,MAT2400,20241,1,5.6,C,2.0,passed
HUS,24000013,MAT2501,20241,1,5.6,C,2.0,passed
HUS,24000013,MAT3500,20241,1,5.4,D+,1.5,passed
HUS,24000013,PHI1006,20241,1,5.7,C,2.0,passed
HUS,24000013,FLF1107,20242,1,3.9,F,0.0,failed
HUS,24000013,HUS1022,20242,1,4.0,D,1.0,passed
HUS,24000013,MAT2502,20242,1,6.2,C,2.0,passed
HUS,24000013,MAT2505,20242,1,4.8,D,1.0,passed
HUS,24000013,MAT3557,20242,1,6.7,C+,2.5,passed
HUS,24000013,FLF1107,20251,2,5.0,D+,1.5,passed
HUS,24000013,PEC1008,20251,1,3.1,F,0.0,failed
HUS,24000013,HUS1012,20251,1,5.4,D+,1.5,passed
HUS,24000013,HUS1024,20251,1,8.3,B+,3.5,passed
HUS,24000013,MAT1202,20251,1,3.3,F,0.0,failed
HUS,24000013,MAT2323,20251,1,6.9,C+,2.5,passed
HUS,24000013,MAT2503,20251,1,6.1,C,2.0,passed
HUS,24000013,PHI1002,20251,1,2.9,F,0.0,failed
HUS,24000013,PEC1008,20252,2,4.3,D,1.0,passed
HUS,24000013,MAT1202,20252,2,5.9,C,2.0,passed
HUS,24000013,PHI1002,20252,2,3.6,F,0.0,failed
HUS,24000013,MAT3514,20252,1,4.0,D,1.0,passed
HUS,24000013,HIS1001,20252,1,4.7,D,1.0,passed
HUS,24000013,MAT2403,20252,1,6.9,C+,2.5,passed
HUS,24000013,MAT3379,20252,1,5.3,D+,1.5,passed
HUS,24000014,FLF1107,20241,1,,,,exempted
HUS,24000014,HUS1011,20241,1,10.0,A+,4.0,passed
HUS,24000014,MAT2400,20241,1,6.2,C,2.0,passed
HUS,24000014,MAT2501,20241,1,7.8,B,3.0,passed
HUS,24000014,MAT3500,20241,1,8.3,B+,3.5,passed
HUS,24000014,PHI1006,20241,1,7.4,B,3.0,passed
HUS,24000014,HUS1022,20242,1,7.1,B,3.0,passed
HUS,24000014,MAT2502,20242,1,9.7,A+,4.0,passed
HUS,24000014,MAT2505,20242,1,10.0,A+,4.0,passed
HUS,24000014,MAT3557,20242,1,6.2,C,2.0,passed
HUS,24000014,PEC1008,20251,1,8.4,B+,3.5,passed
HUS,24000014,HUS1012,20251,1,8.9,A,3.7,passed
HUS,24000014,HUS1021,20251,1,8.9,A,3.7,passed
HUS,24000014,MAT1202,20251,1,8.6,A,3.7,passed
HUS,24000014,MAT2323,20251,1,6.2,C,2.0,passed
HUS,24000014,MAT2503,20251,1,7.9,B,3.0,passed
HUS,24000014,MAT3514,20251,1,9.1,A+,4.0,passed
HUS,24000014,PHI1002,20251,1,8.5,A,3.7,passed
HUS,24000014,HIS1001,20252,1,10.0,A+,4.0,passed
HUS,24000014,MAT2403,20252,1,7.3,B,3.0,passed
HUS,24000014,MAT3148,20252,1,8.3,B+,3.5,passed
HUS,24000014,MAT3379,20252,1,8.1,B+,3.5,passed
HUS,24000014,MAT3507,20252,1,6.2,C,2.0,passed
HUS,24000014,MAT3533,20252,1,7.3,B,3.0,passed
HUS,24000015,FLF1107,20241,1,,,,exempted
HUS,24000015,HUS1011,20241,1,7.6,B,3.0,passed
HUS,24000015,MAT2400,20241,1,5.8,C,2.0,passed
HUS,24000015,MAT2501,20241,1,3.6,F,0.0,failed
HUS,24000015,MAT3500,20241,1,5.2,D+,1.5,passed
HUS,24000015,PHI1006,20241,1,5.0,D+,1.5,passed
HUS,24000015,HUS1022,20242,1,7.5,B,3.0,passed
HUS,24000015,MAT2505,20242,1,6.5,C+,2.5,passed
HUS,24000015,PEC1008,20242,1,8.8,A,3.7,passed
HUS,24000015,MAT2501,20251,2,6.2,C,2.0,passed
HUS,24000015,MAT3557,20251,1,8.6,A,3.7,passed
HUS,24000015,HUS1012,20251,1,6.3,C,2.0,passed
HUS,24000015,HUS1024,20251,1,8.7,A,3.7,passed
HUS,24000015,MAT1202,20251,1,6.9,C+,2.5,passed
HUS,24000015,MAT3514,20251,1,7.7,B,3.0,passed
HUS,24000015,PHI1002,20251,1,5.3,D+,1.5,passed
HUS,24000015,MAT2502,20252,1,5.4,D+,1.5,passed
HUS,24000015,HIS1001,20252,1,6.5,C+,2.5,passed
HUS,24000015,MAT2403,20252,1,7.3,B,3.0,passed
HUS,24000015,MAT3148,20252,1,6.6,C+,2.5,passed
HUS,24000015,MAT3507,20252,1,5.5,C,2.0,passed
HUS,24000016,HUS1011,20241,1,7.2,B,3.0,passed
HUS,24000016,MAT2400,20241,1,9.6,A+,4.0,passed
HUS,24000016,MAT2501,20241,1,9.4,A+,4.0,passed
HUS,24000016,MAT3500,20241,1,9.4,A+,4.0,passed
HUS,24000016,PHI1006,20241,1,4.6,D,1.0,passed
HUS,24000016,FLF1107,20242,1,7.2,B,3.0,passed
HUS,24000016,HUS1022,20242,1,9.0,A+,4.0,passed
HUS,24000016,MAT2502,20242,1,9.4,A+,4.0,passed
HUS,24000016,MAT2505,20242,1,6.3,C,2.0,passed
HUS,24000016,MAT3557,20242,1,9.0,A+,4.0,passed
HUS,24000016,PEC1008,20242,1,6.0,C,2.0,passed
HUS,24000016,HUS1012,20251,1,6.3,C,2.0,passed
HUS,24000016,HUS1024,20251,1,9.7,A+,4.0,passed
HUS,24000016,MAT1202,20251,1,6.6,C+,2.5,passed
HUS,24000016,MAT2323,20251,1,9.2,A+,4.0,passed
HUS,24000016,MAT2503,20251,1,8.9,A,3.7,passed
HUS,24000016,MAT3514,20251,1,8.6,A,3.7,passed
HUS,24000016,PHI1002,20251,1,6.0,C,2.0,passed
HUS,24000016,HIS1001,20252,1,6.1,C,2.0,passed
HUS,24000016,MAT3148,20252,1,9.6,A+,4.0,passed
HUS,24000016,MAT3379,20252,1,8.1,B+,3.5,passed
HUS,24000016,MAT3507,20252,1,6.4,C,2.0,passed
HUS,24000016,MAT3533,20252,1,7.3,B,3.0,passed
HUS,24000017,HUS1011,20241,1,7.1,B,3.0,passed
HUS,24000017,MAT2400,20241,1,5.4,D+,1.5,passed
HUS,24000017,MAT2501,20241,1,8.8,A,3.7,passed
HUS,24000017,MAT3500,20241,1,9.8,A+,4.0,passed
HUS,24000017,PHI1006,20241,1,8.1,B+,3.5,passed
HUS,24000017,FLF1107,20242,1,6.8,C+,2.5,passed
HUS,24000017,HUS1022,20242,1,10.0,A+,4.0,passed
HUS,24000017,MAT2502,20242,1,6.3,C,2.0,passed
HUS,24000017,MAT2505,20242,1,6.5,C+,2.5,passed
HUS,24000017,MAT3557,20242,1,10.0,A+,4.0,passed
HUS,24000017,PEC1008,20242,1,6.6,C+,2.5,passed
HUS,24000017,HUS1012,20251,1,9.0,A+,4.0,passed
HUS,24000017,HUS1024,20251,1,8.4,B+,3.5,passed
HUS,24000017,MAT1202,20251,1,4.6,D,1.0,passed
HUS,24000017,MAT2323,20251,1,8.3,B+,3.5,passed
HUS,24000017,MAT2503,20251,1,10.0,A+,4.0,passed
HUS,24000017,MAT3514,20251,1,6.8,C+,2.5,passed
HUS,24000017,PHI1002,20252,1,7.3,B,3.0,passed
HUS,24000017,HIS1001,20252,1,8.6,A,3.7,passed
HUS,24000017,MAT2403,20252,1,10.0,A+,4.0,passed
HUS,24000017,MAT3148,20252,1,8.9,A,3.7,passed
HUS,24000017,MAT3379,20252,1,9.5,A+,4.0,passed
HUS,24000017,MAT3507,20252,1,5.8,C,2.0,passed
HUS,24000017,MAT3533,20252,1,6.9,C+,2.5,passed
HUS,24000018,HUS1011,20241,1,6.4,C,2.0,passed
HUS,24000018,MAT2400,20241,1,6.0,C,2.0,passed
HUS,24000018,MAT2501,20241,1,5.6,C,2.0,passed
HUS,24000018,MAT3500,20241,1,7.2,B,3.0,passed
HUS,24000018,PHI1006,20241,1,8.5,A,3.7,passed
HUS,24000018,FLF1107,20242,1,5.8,C,2.0,passed
HUS,24000018,HUS1022,20242,1,8.7,A,3.7,passed
HUS,24000018,MAT2502,20242,1,7.3,B,3.0,passed
HUS,24000018,MAT2505,20242,1,5.2,D+,1.5,passed
HUS,24000018,PEC1008,20242,1,9.8,A+,4.0,passed
HUS,24000018,MAT3557,20251,1,7.1,B,3.0,passed
HUS,24000018,HIS1056,20251,1,9.9,A+,4.0,passed
HUS,24000018,HUS1012,20251,1,8.9,A,3.7,passed
HUS,24000018,MAT1202,20251,1,8.2,B+,3.5,passed
HUS,24000018,MAT2323,20251,1,9.1,A+,4.0,passed
HUS,24000018,MAT2503,20251,1,7.7,B,3.0,passed
HUS,24000018,MAT3514,20251,1,6.2,C,2.0,passed
HUS,24000018,PHI1002,20251,1,9.4,A+,4.0,passed
HUS,24000018,HIS1001,20252,1,7.4,B,3.0,passed
HUS,24000018,MAT2403,20252,1,7.1,B,3.0,passed
HUS,24000018,MAT3148,20252,1,7.9,B,3.0,passed
HUS,24000018,MAT3379,20252,1,6.3,C,2.0,passed
HUS,24000018,MAT3507,20252,1,8.0,B+,3.5,passed
HUS,24000018,MAT3533,20252,1,8.2,B+,3.5,passed
HUS,24000019,HUS1011,20241,1,10.0,A+,4.0,passed
HUS,24000019,MAT2400,20241,1,6.7,C+,2.5,passed
HUS,24000019,MAT2501,20241,1,6.7,C+,2.5,passed
HUS,24000019,MAT3500,20241,1,7.6,B,3.0,passed
HUS,24000019,PHI1006,20241,1,7.4,B,3.0,passed
HUS,24000019,FLF1107,20242,1,6.2,C,2.0,passed
HUS,24000019,HUS1022,20242,1,6.3,C,2.0,passed
HUS,24000019,MAT2502,20242,1,5.9,C,2.0,passed
HUS,24000019,MAT2505,20242,1,7.0,B,3.0,passed
HUS,24000019,MAT3557,20242,1,6.5,C+,2.5,passed
HUS,24000019,PEC1008,20251,1,7.0,B,3.0,passed
HUS,24000019,HUS1012,20251,1,8.5,A,3.7,passed
HUS,24000019,HUS1021,20251,1,8.9,A,3.7,passed
HUS,24000019,MAT1202,20251,1,10.0,A+,4.0,passed
HUS,24000019,MAT2323,20251,1,7.6,B,3.0,passed
HUS,24000019,MAT2503,20251,1,5.9,C,2.0,passed
HUS,24000019,MAT3514,20251,1,5.7,C,2.0,passed
HUS,24000019,PHI1002,20252,1,5.4,D+,1.5,passed
HUS,24000019,HIS1001,20252,1,5.6,C,2.0,passed
HUS,24000019,MAT2403,20252,1,5.3,D+,1.5,passed
HUS,24000019,MAT3379,20252,1,3.1,F,0.0,failed
HUS,24000019,MAT3507,20252,1,4.8,D,1.0,passed
HUS,24000019,MAT3533,20252,1,7.2,B,3.0,passed
HUS,24000020,HUS1011,20241,1,3.4,F,0.0,failed
HUS,24000020,MAT2400,20241,1,5.9,C,2.0,passed
HUS,24000020,MAT2501,20241,1,5.3,D+,1.5,passed
HUS,24000020,MAT3500,20241,1,5.2,D+,1.5,passed
HUS,24000020,PHI1006,20241,1,6.2,C,2.0,passed
HUS,24000020,FLF1107,20242,1,4.5,D,1.0,passed
HUS,24000020,HUS1023,20242,1,6.4,C,2.0,passed
HUS,24000020,MAT2502,20242,1,6.5,C+,2.5,passed
HUS,24000020,MAT3557,20242,1,5.3,D+,1.5,passed
HUS,24000020,PEC1008,20242,1,5.9,C,2.0,passed
HUS,24000020,HUS1012,20251,1,6.7,C+,2.5,passed
HUS,24000020,HUS1021,20251,1,4.1,D,1.0,passed
HUS,24000020,MAT2323,20251,1,5.6,C,2.0,passed
HUS,24000020,MAT2503,20251,1,5.2,D+,1.5,passed
HUS,24000020,PHI1002,20251,1,3.7,F,0.0,failed
HUS,24000020,HUS1011,20252,2,5.0,D+,1.5,passed
HUS,24000020,MAT2403,20252,1,6.1,C,2.0,passed
HUS,24000020,MAT3533,20252,1,5.7,C,2.0,passed
HUS,24000021,HUS1011,20241,1,6.9,C+,2.5,passed
HUS,24000021,MAT2400,20241,1,5.6,C,2.0,passed
HUS,24000021,MAT2501,20241,1,7.3,B,3.0,passed
HUS,24000021,MAT3500,20241,1,8.1,B+,3.5,passed
HUS,24000021,PHI1006,20241,1,9.0,A+,4.0,passed
HUS,24000021,FLF1107,20242,1,10.0,A+,4.0,passed
HUS,24000021,HUS1022,20242,1,8.4,B+,3.5,passed
HUS,24000021,MAT2502,20242,1,5.9,C,2.0,passed
HUS,24000021,MAT2505,20242,1,7.2,B,3.0,passed
HUS,24000021,MAT3557,20242,1,8.7,A,3.7,passed
HUS,24000021,PEC1008,20242,1,7.9,B,3.0,passed
HUS,24000021,HUS1012,20251,1,6.6,C+,2.5,passed
HUS,24000021,MAT1202,20251,1,6.0,C,2.0,passed
HUS,24000021,MAT2323,20251,1,4.9,D,1.0,passed
HUS,24000021,MAT2503,20251,1,6.1,C,2.0,passed
HUS,24000021,MAT3514,20251,1,5.3,D+,1.5,passed
HUS,24000021,PHI1002,20251,1,5.7,C,2.0,passed
HUS,24000021,HUS1024,20252,1,8.2,B+,3.5,passed
HUS,24000021,HIS1001,20252,1,6.9,C+,2.5,passed
HUS,24000021,MAT2403,20252,1,5.8,C,2.0,passed
HUS,24000021,MAT3148,20252,1,9.6,A+,4.0,passed
HUS,24000021,MAT3379,20252,1,8.8,A,3.7,passed
HUS,24000021,MAT3507,20252,1,7.4,B,3.0,passed
HUS,24000021,MAT3533,20252,1,7.3,B,3.0,passed
HUS,24000022,HUS1011,20241,1,4.0,D,1.0,passed
HUS,24000022,MAT2400,20241,1,5.4,D+,1.5,passed
HUS,24000022,MAT2501,20241,1,2.7,F,0.0,failed
HUS,24000022,MAT3500,20241,1,3.5,F,0.0,failed
HUS,24000022,PHI1006,20241,1,7.2,B,3.0,passed
HUS,24000022,FLF1107,20242,1,7.2,B,3.0,passed
HUS,24000022,HUS1023,20242,1,8.2,B+,3.5,passed
HUS,24000022,MAT2505,20242,1,3.7,F,0.0,failed
HUS,24000022,MAT3557,20242,1,4.2,D,1.0,passed
HUS,24000022,MAT2501,20251,2,3.6,F,0.0,failed
HUS,24000022,MAT3500,20251,2,7.3,B,3.0,passed
HUS,24000022,MAT2505,20251,2,1.7,F,0.0,failed
HUS,24000022,PEC1008,20251,1,7.6,B,3.0,passed
HUS,24000022,HIS1056,20251,1,5.9,C,2.0,passed
HUS,24000022,HUS1012,20251,1,5.0,D+,1.5,passed
HUS,24000022,PHI1002,20251,1,9.7,A+,4.0,passed
HUS,24000022,MAT2501,20252,3,4.7,D,1.0,passed
HUS,24000022,MAT2505,20252,3,3.8,F,0.0,failed
HUS,24000022,HIS1001,20252,1,7.3,B,3.0,passed
HUS,24000023,FLF1107,20241,1,,,,exempted
HUS,24000023,HUS1011,20241,1,9.0,A+,4.0,passed
HUS,24000023,MAT2400,20241,1,8.9,A,3.7,passed
HUS,24000023,MAT2501,20241,1,7.6,B,3.0,passed
HUS,24000023,MAT3500,20241,1,10.0,A+,4.0,passed
HUS,24000023,PHI1006,20241,1,5.6,C,2.0,passed
HUS,24000023,HUS1023,20242,1,8.5,A,3.7,passed
HUS,24000023,MAT2502,20242,1,7.8,B,3.0,passed
HUS,24000023,MAT2505,20242,1,7.1,B,3.0,passed
HUS,24000023,MAT3557,20242,1,7.1,B,3.0,passed
HUS,24000023,PEC1008,20242,1,5.6,C,2.0,passed
HUS,24000023,HUS1012,20251,1,7.4,B,3.0,passed
HUS,24000023,HUS1024,20251,1,8.2,B+,3.5,passed
HUS,24000023,MAT1202,20251,1,9.0,A+,4.0,passed
HUS,24000023,MAT2503,20251,1,10.0,A+,4.0,passed
HUS,24000023,MAT3514,20251,1,7.9,B,3.0,passed
HUS,24000023,PHI1002,20251,1,8.1,B+,3.5,passed
HUS,24000023,MAT2323,20252,1,10.0,A+,4.0,passed
HUS,24000023,HIS1001,20252,1,6.1,C,2.0,passed
HUS,24000023,MAT2403,20252,1,7.9,B,3.0,passed
HUS,24000023,MAT3148,20252,1,7.1,B,3.0,passed
HUS,24000023,MAT3507,20252,1,8.9,A,3.7,passed
HUS,24000024,HUS1011,20241,1,4.8,D,1.0,passed
HUS,24000024,MAT2400,20241,1,6.5,C+,2.5,passed
HUS,24000024,MAT2501,20241,1,6.1,C,2.0,passed
HUS,24000024,PHI1006,20241,1,4.7,D,1.0,passed
HUS,24000024,MAT3500,20242,1,9.5,A+,4.0,passed
HUS,24000024,FLF1107,20242,1,6.7,C+,2.5,passed
HUS,24000024,HUS1023,20242,1,5.2,D+,1.5,passed
HUS,24000024,MAT2502,20242,1,8.3,B+,3.5,passed
HUS,24000024,MAT2505,20242,1,4.8,D,1.0,passed
HUS,24000024,MAT3557,20242,1,7.5,B,3.0,passed
HUS,24000024,PEC1008,20251,1,8.2,B+,3.5,passed
HUS,24000024,HUS1012,20251,1,7.3,B,3.0,passed
HUS,24000024,HUS1024,20251,1,7.9,B,3.0,passed
HUS,24000024,MAT1202,20251,1,6.6,C+,2.5,passed
HUS,24000024,MAT2323,20251,1,9.4,A+,4.0,passed
HUS,24000024,MAT2503,20251,1,8.5,A,3.7,passed
HUS,24000024,PHI1002,20251,1,7.4,B,3.0,passed
HUS,24000024,MAT3514,20252,1,5.2,D+,1.5,passed
HUS,24000024,HIS1001,20252,1,5.8,C,2.0,passed
HUS,24000024,MAT2403,20252,1,10.0,A+,4.0,passed
HUS,24000024,MAT3379,20252,1,8.8,A,3.7,passed
HUS,24000024,MAT3507,20252,1,8.4,B+,3.5,passed
HUS,24000024,MAT3533,20252,1,6.6,C+,2.5,passed
HUS,24000025,HUS1011,20241,1,7.4,B,3.0,passed
HUS,24000025,MAT2400,20241,1,9.2,A+,4.0,passed
HUS,24000025,MAT2501,20241,1,7.4,B,3.0,passed
HUS,24000025,PHI1006,20241,1,5.2,D+,1.5,passed
HUS,24000025,MAT3500,20242,1,7.5,B,3.0,passed
HUS,24000025,FLF1107,20242,1,4.5,D,1.0,passed
HUS,24000025,HUS1022,20242,1,8.3,B+,3.5,passed
HUS,24000025,MAT2502,20242,1,9.8,A+,4.0,passed
HUS,24000025,MAT2505,20242,1,9.1,A+,4.0,passed
HUS,24000025,MAT3557,20242,1,9.1,A+,4.0,passed
HUS,24000025,PEC1008,20251,1,6.0,C,2.0,passed
HUS,24000025,HUS1012,20251,1,7.0,B,3.0,passed
HUS,24000025,MAT1202,20251,1,8.8,A,3.7,passed
HUS,24000025,MAT2323,20251,1,7.3,B,3.0,passed
HUS,24000025,MAT2503,20251,1,7.2,B,3.0,passed
HUS,24000025,MAT3514,20251,1,8.9,A,3.7,passed
HUS,24000025,PHI1002,20251,1,8.4,B+,3.5,passed
HUS,24000025,HUS1024,20252,1,6.7,C+,2.5,passed
HUS,24000025,HIS1001,20252,1,7.3,B,3.0,passed
HUS,24000025,MAT2403,20252,1,4.9,D,1.0,passed
HUS,24000025,MAT3148,20252,1,10.0,A+,4.0,passed
HUS,24000025,MAT3379,20252,1,9.2,A+,4.0,passed
HUS,24000025,MAT3507,20252,1,8.9,A,3.7,passed
HUS,24000025,MAT3533,20252,1,8.0,B+,3.5,passed
HUS,23000001,FLF1107,20231,1,,,,exempted
HUS,23000001,HUS1011,20231,1,7.7,B,3.0,passed
HUS,23000001,MAT2400,20231,1,7.7,B,3.0,passed
HUS,23000001,MAT2501,20231,1,7.9,B,3.0,passed
HUS,23000001,MAT3500,20231,1,8.1,B+,3.5,passed
HUS,23000001,PHI1006,20232,1,6.8,C+,2.5,passed
HUS,23000001,HUS1023,20232,1,4.2,D,1.0,passed
HUS,23000001,MAT2502,20232,1,8.1,B+,3.5,passed
HUS,23000001,MAT2505,20232,1,9.4,A+,4.0,passed
HUS,23000001,MAT3557,20232,1,4.0,D,1.0,passed
HUS,23000001,PEC1008,20241,1,6.4,C,2.0,passed
HUS,23000001,HUS1012,20241,1,7.8,B,3.0,passed
HUS,23000001,HUS1021,20241,1,6.4,C,2.0,passed
HUS,23000001,MAT2323,20241,1,8.5,A,3.7,passed
HUS,23000001,MAT2503,20241,1,7.7,B,3.0,passed
HUS,23000001,MAT3514,20241,1,8.9,A,3.7,passed
HUS,23000001,PHI1002,20241,1,7.6,B,3.0,passed
HUS,23000001,MAT1202,20242,1,7.3,B,3.0,passed
HUS,23000001,HIS1001,20242,1,5.8,C,2.0,passed
HUS,23000001,MAT2403,20242,1,8.4,B+,3.5,passed
HUS,23000001,MAT3148,20242,1,7.2,B,3.0,passed
HUS,23000001,MAT3379,20242,1,4.8,D,1.0,passed
HUS,23000001,MAT3507,20242,1,3.1,F,0.0,failed
HUS,23000001,MAT3533,20242,1,7.1,B,3.0,passed
HUS,23000001,MAT3507,20251,2,6.2,C,2.0,passed
HUS,23000001,MAT2034,20251,1,8.3,B+,3.5,passed
HUS,23000001,MAT3382,20251,1,5.9,C,2.0,passed
HUS,23000001,MAT3383,20251,1,7.9,B,3.0,passed
HUS,23000001,POL1001,20251,1,7.1,B,3.0,passed
HUS,23000001,MAT1204,20252,1,9.4,A+,4.0,passed
HUS,23000001,MAT2407,20252,1,9.4,A+,4.0,passed
HUS,23000001,MAT3378,20252,1,5.7,C,2.0,passed
HUS,23000001,MAT3386,20252,1,4.5,D,1.0,passed
HUS,23000001,MAT3388,20252,1,5.7,C,2.0,passed
HUS,23000001,MAT3389,20252,1,6.7,C+,2.5,passed
HUS,23000001,THL1057,20252,1,6.1,C,2.0,passed
HUS,23000002,HUS1011,20231,1,5.9,C,2.0,passed
HUS,23000002,MAT2501,20231,1,5.5,C,2.0,passed
HUS,23000002,PHI1006,20231,1,3.3,F,0.0,failed
HUS,23000002,PHI1006,20232,2,4.4,D,1.0,passed
HUS,23000002,MAT2400,20232,1,5.4,D+,1.5,passed
HUS,23000002,MAT3500,20232,1,2.9,F,0.0,failed
HUS,23000002,FLF1107,20232,1,5.0,D+,1.5,passed
HUS,23000002,HUS1023,20232,1,6.0,C,2.0,passed
HUS,23000002,MAT3557,20232,1,3.3,F,0.0,failed
HUS,23000002,MAT2502,20241,1,5.4,D+,1.5,passed
HUS,23000002,MAT2505,20241,1,7.1,B,3.0,passed
HUS,23000002,PEC1008,20241,1,4.9,D,1.0,passed
HUS,23000002,HUS1012,20241,1,5.3,D+,1.5,passed
HUS,23000002,HUS1021,20241,1,2.5,F,0.0,failed
HUS,23000002,PHI1002,20241,1,2.9,F,0.0,failed
HUS,23000002,HUS1021,20242,2,6.1,C,2.0,passed
HUS,23000002,PHI1002,20242,2,5.9,C,2.0,passed
HUS,23000002,MAT1202,20242,1,6.1,C,2.0,passed
HUS,23000002,MAT2323,20242,1,5.4,D+,1.5,passed
HUS,23000002,MAT2503,20242,1,8.7,A,3.7,passed
HUS,23000002,MAT3514,20242,1,3.8,F,0.0,failed
HUS,23000002,HIS1001,20242,1,4.1,D,1.0,passed
HUS,23000002,MAT3557,20251,2,2.4,F,0.0,failed
HUS,23000002,MAT2403,20251,1,3.5,F,0.0,failed
HUS,23000002,MAT3379,20251,1,6.1,C,2.0,passed
HUS,23000002,MAT3507,20251,1,6.0,C,2.0,passed
HUS,23000002,MAT3533,20251,1,4.2,D,1.0,passed
HUS,23000002,MAT2407,20251,1,5.0,D+,1.5,passed
HUS,23000002,MAT3383,20251,1,5.9,C,2.0,passed
HUS,23000002,MAT3557,20252,3,4.9,D,1.0,passed
HUS,23000002,MAT3514,20252,2,3.2,F,0.0,failed
HUS,23000002,MAT2403,20252,2,4.3,D,1.0,passed
HUS,23000002,MAT3378,20252,1,5.7,C,2.0,passed
HUS,23000002,POL1001,20252,1,6.6,C+,2.5,passed
HUS,23000002,MAT3387,20252,1,5.4,D+,1.5,passed
HUS,23000002,MAT3388,20252,1,6.4,C,2.0,passed
HUS,23000003,HUS1011,20231,1,4.5,D,1.0,passed
HUS,23000003,MAT2400,20231,1,3.0,F,0.0,failed
HUS,23000003,MAT2501,20231,1,5.8,C,2.0,passed
HUS,23000003,MAT3500,20231,1,4.1,D,1.0,passed
HUS,23000003,PHI1006,20231,1,5.3,D+,1.5,passed
HUS,23000003,MAT2400,20232,2,5.3,D+,1.5,passed
HUS,23000003,FLF1107,20232,1,4.2,D,1.0,passed
HUS,23000003,HUS1023,20232,1,6.2,C,2.0,passed
HUS,23000003,MAT2502,20232,1,4.0,D,1.0,passed
HUS,23000003,MAT2505,20232,1,5.7,C,2.0,passed
HUS,23000003,MAT3557,20232,1,3.5,F,0.0,failed
HUS,23000003,MAT3557,20241,2,5.0,D+,1.5,passed
HUS,23000003,PEC1008,20241,1,4.3,D,1.0,passed
HUS,23000003,HUS1012,20241,1,5.4,D+,1.5,passed
HUS,23000003,HUS1021,20241,1,5.4,D+,1.5,passed
HUS,23000003,MAT1202,20241,1,6.0,C,2.0,passed
HUS,23000003,MAT2323,20241,1,2.6,F,0.0,failed
HUS,23000003,MAT2503,20241,1,6.1,C,2.0,passed
HUS,23000003,MAT3514,20241,1,3.2,F,0.0,failed
HUS,23000003,MAT3514,20242,2,3.4,F,0.0,failed
HUS,23000003,PHI1002,20242,1,7.0,B,3.0,passed
HUS,23000003,HIS1001,20242,1,6.5,C+,2.5,passed
HUS,23000003,MAT2403,20242,1,3.1,F,0.0,failed
HUS,23000003,MAT3507,20242,1,7.7,B,3.0,passed
HUS,23000003,MAT3514,20251,3,4.1,D,1.0,passed
HUS,23000003,MAT2407,20251,1,3.2,F,0.0,failed
HUS,23000003,MAT3378,20251,1,5.4,D+,1.5,passed
HUS,23000003,MAT3383,20251,1,7.6,B,3.0,passed
HUS,23000003,MAT2323,20252,2,3.8,F,0.0,failed
HUS,23000003,MAT2403,20252,2,1.4,F,0.0,failed
HUS,23000003,MAT2407,20252,2,3.2,F,0.0,failed
HUS,23000003,MAT3148,20252,1,3.6,F,0.0,failed
HUS,23000003,MAT1204,20252,1,4.4,D,1.0,passed
HUS,23000003,POL1001,20252,1,6.5,C+,2.5,passed
HUS,23000003,MAT3381,20252,1,7.1,B,3.0,passed
HUS,23000004,MAT2501,20231,1,7.4,B,3.0,passed
HUS,23000004,MAT3500,20231,1,5.6,C,2.0,passed
HUS,23000004,PHI1006,20231,1,6.4,C,2.0,passed
HUS,23000004,HUS1011,20232,1,6.5,C+,2.5,passed
HUS,23000004,MAT2400,20232,1,8.0,B+,3.5,passed
HUS,23000004,FLF1107,20232,1,8.3,B+,3.5,passed
HUS,23000004,HUS1022,20232,1,8.2,B+,3.5,passed
HUS,23000004,MAT2502,20232,1,7.3,B,3.0,passed
HUS,23000004,MAT3557,20232,1,6.6,C+,2.5,passed
HUS,23000004,MAT2505,20241,1,6.9,C+,2.5,passed
HUS,23000004,PEC1008,20241,1,7.1,B,3.0,passed
HUS,23000004,HUS1012,20241,1,5.4,D+,1.5,passed
HUS,23000004,HUS1024,20241,1,7.2,B,3.0,passed
HUS,23000004,MAT2323,20241,1,7.6,B,3.0,passed
HUS,23000004,MAT2503,20241,1,7.7,B,3.0,passed
HUS,23000004,PHI1002,20241,1,5.1,D+,1.5,passed
HUS,23000004,MAT1202,20242,1,8.1,B+,3.5,passed
HUS,23000004,MAT3514,20242,1,5.2,D+,1.5,passed
HUS,23000004,HIS1001,20242,1,6.9,C+,2.5,passed
HUS,23000004,MAT2403,20242,1,4.6,D,1.0,passed
HUS,23000004,MAT3379,20242,1,5.8,C,2.0,passed
HUS,23000004,MAT3507,20242,1,4.3,D,1.0,passed
HUS,23000004,MAT3148,20251,1,8.0,B+,3.5,passed
HUS,23000004,MAT3533,20251,1,7.4,B,3.0,passed
HUS,23000004,MAT1204,20251,1,6.5,C+,2.5,passed
HUS,23000004,MAT2034,20251,1,6.6,C+,2.5,passed
HUS,23000004,MAT2407,20251,1,5.7,C,2.0,passed
HUS,23000004,MAT3378,20251,1,7.6,B,3.0,passed
HUS,23000004,MAT3383,20251,1,7.2,B,3.0,passed
HUS,23000004,MAT1209,20252,1,6.8,C+,2.5,passed
HUS,23000004,POL1001,20252,1,8.3,B+,3.5,passed
HUS,23000004,MAT3381,20252,1,6.9,C+,2.5,passed
HUS,23000004,MAT3389,20252,1,6.7,C+,2.5,passed
HUS,23000004,MAT3534,20252,1,6.5,C+,2.5,passed
HUS,23000004,THL1057,20252,1,6.9,C+,2.5,passed
HUS,23000005,HUS1011,20231,1,5.3,D+,1.5,passed
HUS,23000005,MAT2400,20231,1,5.2,D+,1.5,passed
HUS,23000005,MAT2501,20231,1,3.7,F,0.0,failed
HUS,23000005,MAT3500,20231,1,4.5,D,1.0,passed
HUS,23000005,PHI1006,20231,1,5.3,D+,1.5,passed
HUS,23000005,MAT2501,20232,2,5.9,C,2.0,passed
HUS,23000005,FLF1107,20232,1,6.5,C+,2.5,passed
HUS,23000005,HUS1022,20232,1,7.5,B,3.0,passed
HUS,23000005,MAT2505,20232,1,5.8,C,2.0,passed
HUS,23000005,MAT3557,20232,1,7.5,B,3.0,passed
HUS,23000005,PEC1008,20232,1,7.8,B,3.0,passed
HUS,23000005,MAT2502,20241,1,5.2,D+,1.5,passed
HUS,23000005,HIS1056,20241,1,7.3,B,3.0,passed
HUS,23000005,HUS1012,20241,1,4.9,D,1.0,passed
HUS,23000005,MAT1202,20241,1,6.8,C+,2.5,passed
HUS,23000005,MAT3514,20241,1,5.4,D+,1.5,passed
HUS,23000005,PHI1002,20241,1,8.3,B+,3.5,passed
HUS,23000005,MAT2323,20242,1,4.1,D,1.0,passed
HUS,23000005,MAT2503,20242,1,6.0,C,2.0,passed
HUS,23000005,HIS1001,20242,1,8.2,B+,3.5,passed
HUS,23000005,MAT2403,20242,1,3.3,F,0.0,failed
HUS,23000005,MAT3148,20242,1,8.2,B+,3.5,passed
HUS,23000005,MAT3507,20242,1,6.9,C+,2.5,passed
HUS,23000005,MAT3379,20251,1,8.7,A,3.7,passed
HUS,23000005,MAT3533,20251,1,5.2,D+,1.5,passed
HUS,23000005,MAT1204,20251,1,8.2,B+,3.5,passed
HUS,23000005,MAT2407,20251,1,5.3,D+,1.5,passed
HUS,23000005,MAT3378,20251,1,7.0,B,3.0,passed
HUS,23000005,MAT3383,20251,1,6.5,C+,2.5,passed
HUS,23000005,POL1001,20251,1,6.5,C+,2.5,passed
HUS,23000005,MAT2403,20252,2,4.9,D,1.0,passed
HUS,23000005,MAT1209,20252,1,8.3,B+,3.5,passed
HUS,23000005,MAT3381,20252,1,8.6,A,3.7,passed
HUS,23000005,MAT3386,20252,1,7.9,B,3.0,passed
HUS,23000005,MAT3387,20252,1,8.4,B+,3.5,passed
HUS,23000005,MAT3389,20252,1,8.3,B+,3.5,passed
HUS,23000005,THL1057,20252,1,7.3,B,3.0,passed
HUS,23000006,HUS1011,20231,1,6.3,C,2.0,passed
HUS,23000006,MAT2400,20231,1,5.7,C,2.0,passed
HUS,23000006,MAT2501,20231,1,6.3,C,2.0,passed
HUS,23000006,MAT3500,20231,1,5.5,C,2.0,passed
HUS,23000006,PHI1006,20231,1,4.3,D,1.0,passed
HUS,23000006,FLF1107,20232,1,2.2,F,0.0,failed
HUS,23000006,HUS1022,20232,1,6.0,C,2.0,passed
HUS,23000006,MAT2502,20232,1,5.5,C,2.0,passed
HUS,23000006,MAT2505,20232,1,4.8,D,1.0,passed
HUS,23000006,MAT3557,20232,1,6.9,C+,2.5,passed
HUS,23000006,PEC1008,20232,1,5.7,C,2.0,passed
HUS,23000006,FLF1107,20241,2,6.3,C,2.0,passed
HUS,23000006,HUS1021,20241,1,8.3,B+,3.5,passed
HUS,23000006,MAT1202,20241,1,4.9,D,1.0,passed
HUS,23000006,MAT2323,20241,1,7.2,B,3.0,passed
HUS,23000006,MAT3514,20241,1,5.1,D+,1.5,passed
HUS,23000006,PHI1002,20241,1,5.1,D+,1.5,passed
HUS,23000006,HUS1012,20242,1,8.7,A,3.7,passed
HUS,23000006,MAT2503,20242,1,6.4,C,2.0,passed
HUS,23000006,HIS1001,20242,1,3.5,F,0.0,failed
HUS,23000006,MAT2403,20242,1,6.9,C+,2.5,passed
HUS,23000006,MAT3148,20242,1,3.5,F,0.0,failed
HUS,23000006,MAT3379,20242,1,3.9,F,0.0,failed
HUS,23000006,MAT3507,20242,1,4.8,D,1.0,passed
HUS,23000006,MAT3533,20242,1,7.1,B,3.0,passed
HUS,23000006,HIS1001,20251,2,5.9,C,2.0,passed
HUS,23000006,MAT3379,20251,2,3.9,F,0.0,failed
HUS,23000006,MAT1204,20251,1,6.8,C+,2.5,passed
HUS,23000006,MAT1209,20251,1,5.1,D+,1.5,passed
HUS,23000006,MAT2034,20251,1,5.0,D+,1.5,passed
HUS,23000006,MAT2407,20251,1,6.8,C+,2.5,passed
HUS,23000006,MAT3378,20251,1,6.2,C,2.0,passed
HUS,23000006,MAT3383,20251,1,3.2,F,0.0,failed
HUS,23000006,MAT3379,20252,3,6.9,C+,2.5,passed
HUS,23000006,MAT3383,20252,2,6.2,C,2.0,passed
HUS,23000006,POL1001,20252,1,6.7,C+,2.5,passed
HUS,23000006,MAT3381,20252,1,5.6,C,2.0,passed
HUS,23000006,MAT3387,20252,1,6.9,C+,2.5,passed
HUS,23000006,MAT3388,20252,1,5.8,C,2.0,passed
HUS,23000006,MAT3534,20252,1,4.1,D,1.0,passed
HUS,23000006,THL1057,20252,1,6.0,C,2.0,passed
HUS,23000007,HUS1011,20231,1,7.7,B,3.0,passed
HUS,23000007,MAT2400,20231,1,6.0,C,2.0,passed
HUS,23000007,MAT3500,20231,1,7.1,B,3.0,passed
HUS,23000007,PHI1006,20231,1,9.0,A+,4.0,passed
HUS,23000007,MAT2501,20232,1,8.2,B+,3.5,passed
HUS,23000007,FLF1107,20232,1,10.0,A+,4.0,passed
HUS,23000007,HUS1022,20232,1,9.7,A+,4.0,passed
HUS,23000007,MAT2505,20232,1,8.9,A,3.7,passed
HUS,23000007,MAT3557,20232,1,7.4,B,3.0,passed
HUS,23000007,PEC1008,20232,1,8.1,B+,3.5,passed
HUS,23000007,MAT2502,20241,1,6.9,C+,2.5,passed
HUS,23000007,HUS1012,20241,1,10.0,A+,4.0,passed
HUS,23000007,HUS1021,20241,1,10.0,A+,4.0,passed
HUS,23000007,MAT1202,20241,1,5.7,C,2.0,passed
HUS,23000007,MAT3514,20241,1,6.5,C+,2.5,passed
HUS,23000007,PHI1002,20241,1,5.8,C,2.0,passed
HUS,23000007,MAT2323,20242,1,7.4,B,3.0,passed
HUS,23000007,MAT2503,20242,1,8.6,A,3.7,passed
HUS,23000007,HIS1001,20242,1,5.5,C,2.0,passed
HUS,23000007,MAT2403,20242,1,8.3,B+,3.5,passed
HUS,23000007,MAT3148,20242,1,6.6,C+,2.5,passed
HUS,23000007,MAT3507,20242,1,9.4,A+,4.0,passed
HUS,23000007,MAT3379,20251,1,8.3,B+,3.5,passed
HUS,23000007,MAT3533,20251,1,7.8,B,3.0,passed
HUS,23000007,MAT1204,20251,1,8.7,A,3.7,passed
HUS,23000007,MAT2034,20251,1,8.8,A,3.7,passed
HUS,23000007,MAT2407,20251,1,8.6,A,3.7,passed
HUS,23000007,MAT3378,20251,1,7.8,B,3.0,passed
HUS,23000007,MAT3383,20251,1,8.8,A,3.7,passed
HUS,23000007,MAT1209,20252,1,7.9,B,3.0,passed
HUS,23000007,POL1001,20252,1,8.8,A,3.7,passed
HUS,23000007,MAT3381,20252,1,8.9,A,3.7,passed
HUS,23000007,MAT3386,20252,1,8.5,A,3.7,passed
HUS,23000007,MAT3387,20252,1,8.5,A,3.7,passed
HUS,23000007,MAT3389,20252,1,6.5,C+,2.5,passed
HUS,23000007,THL1057,20252,1,9.7,A+,4.0,passed
HUS,23000008,HUS1011,20231,1,5.4,D+,1.5,passed
HUS,23000008,MAT2400,20231,1,5.9,C,2.0,passed
HUS,23000008,MAT2501,20231,1,5.4,D+,1.5,passed
HUS,23000008,MAT3500,20231,1,5.7,C,2.0,passed
HUS,23000008,PHI1006,20231,1,8.4,B+,3.5,passed
HUS,23000008,FLF1107,20232,1,5.4,D+,1.5,passed
HUS,23000008,HUS1023,20232,1,6.6,C+,2.5,passed
HUS,23000008,MAT2502,20232,1,7.0,B,3.0,passed
HUS,23000008,MAT2505,20232,1,4.8,D,1.0,passed
HUS,23000008,MAT3557,20232,1,6.2,C,2.0,passed
HUS,23000008,PEC1008,20232,1,8.0,B+,3.5,passed
HUS,23000008,MAT1202,20241,1,4.4,D,1.0,passed
HUS,23000008,MAT2323,20241,1,6.3,C,2.0,passed
HUS,23000008,MAT2503,20241,1,8.8,A,3.7,passed
HUS,23000008,MAT3514,20241,1,7.3,B,3.0,passed
HUS,23000008,PHI1002,20241,1,7.7,B,3.0,passed
HUS,23000008,HUS1012,20242,1,5.6,C,2.0,passed
HUS,23000008,HUS1021,20242,1,7.3,B,3.0,passed
HUS,23000008,HIS1001,20242,1,9.2,A+,4.0,passed
HUS,23000008,MAT2403,20242,1,5.5,C,2.0,passed
HUS,23000008,MAT3148,20242,1,4.6,D,1.0,passed
HUS,23000008,MAT3379,20242,1,5.7,C,2.0,passed
HUS,23000008,MAT3507,20242,1,6.5,C+,2.5,passed
HUS,23000008,MAT3533,20251,1,9.4,A+,4.0,passed
HUS,23000008,MAT1204,20251,1,8.5,A,3.7,passed
HUS,23000008,MAT2034,20251,1,4.7,D,1.0,passed
HUS,23000008,MAT2407,20251,1,6.7,C+,2.5,passed
HUS,23000008,MAT3378,20251,1,6.3,C,2.0,passed
HUS,23000008,MAT3382,20251,1,5.8,C,2.0,passed
HUS,23000008,MAT3383,20251,1,5.4,D+,1.5,passed
HUS,23000008,POL1001,20251,1,8.1,B+,3.5,passed
HUS,23000008,MAT3381,20252,1,5.5,C,2.0,passed
HUS,23000008,MAT3386,20252,1,3.3,F,0.0,failed
HUS,23000008,MAT3388,20252,1,6.1,C,2.0,passed
HUS,23000008,MAT3389,20252,1,6.8,C+,2.5,passed
HUS,23000008,THL1057,20252,1,7.0,B,3.0,passed
HUS,23000009,HUS1011,20231,1,7.8,B,3.0,passed
HUS,23000009,MAT2400,20231,1,7.5,B,3.0,passed
HUS,23000009,MAT2501,20231,1,6.7,C+,2.5,passed
HUS,23000009,PHI1006,20231,1,10.0,A+,4.0,passed
HUS,23000009,MAT3500,20232,1,7.8,B,3.0,passed
HUS,23000009,HUS1022,20232,1,9.1,A+,4.0,passed
HUS,23000009,MAT2502,20232,1,7.4,B,3.0,passed
HUS,23000009,MAT2505,20232,1,10.0,A+,4.0,passed
HUS,23000009,MAT3557,20232,1,10.0,A+,4.0,passed
HUS,23000009,PEC1008,20232,1,8.2,B+,3.5,passed
HUS,23000009,FLF1107,20241,1,10.0,A+,4.0,passed
HUS,23000009,HUS1012,20241,1,7.1,B,3.0,passed
HUS,23000009,HUS1024,20241,1,8.2,B+,3.5,passed
HUS,23000009,MAT1202,20241,1,9.9,A+,4.0,passed
HUS,23000009,MAT2323,20241,1,8.9,A,3.7,passed
HUS,23000009,MAT2503,20241,1,6.8,C+,2.5,passed
HUS,23000009,MAT3514,20241,1,5.9,C,2.0,passed
HUS,23000009,PHI1002,20242,1,8.3,B+,3.5,passed
HUS,23000009,MAT2403,20242,1,7.3,B,3.0,passed
HUS,23000009,MAT3148,20242,1,10.0,A+,4.0,passed
HUS,23000009,MAT3379,20242,1,9.4,A+,4.0,passed
HUS,23000009,MAT3507,20242,1,7.6,B,3.0,passed
HUS,23000009,MAT3533,20242,1,8.0,B+,3.5,passed
HUS,23000009,HIS1001,20251,1,7.7,B,3.0,passed
HUS,23000009,MAT1204,20251,1,6.3,C,2.0,passed
HUS,23000009,MAT1209,20251,1,10.0,A+,4.0,passed
HUS,23000009,MAT2407,20251,1,7.5,B,3.0,passed
HUS,23000009,MAT3378,20251,1,8.4,B+,3.5,passed
HUS,23000009,MAT3382,20251,1,8.5,A,3.7,passed
HUS,23000009,POL1001,20251,1,7.3,B,3.0,passed
HUS,23000009,MAT2034,20252,1,7.1,B,3.0,passed
HUS,23000009,MAT3381,20252,1,9.7,A+,4.0,passed
HUS,23000009,MAT3386,20252,1,10.0,A+,4.0,passed
HUS,23000009,MAT3387,20252,1,8.7,A,3.7,passed
HUS,23000009,MAT3389,20252,1,8.0,B+,3.5,passed
HUS,23000009,THL1057,20252,1,8.4,B+,3.5,passed
HUS,23000010,HUS1011,20231,1,5.3,D+,1.5,passed
HUS,23000010,MAT2400,20231,1,2.4,F,0.0,failed
HUS,23000010,MAT3500,20231,1,5.8,C,2.0,passed
HUS,23000010,PHI1006,20231,1,5.4,D+,1.5,passed
HUS,23000010,MAT2501,20232,1,3.2,F,0.0,failed
HUS,23000010,FLF1107,20232,1,7.5,B,3.0,passed
HUS,23000010,HUS1022,20232,1,5.8,C,2.0,passed
HUS,23000010,MAT2505,20232,1,4.0,D,1.0,passed
HUS,23000010,MAT3557,20232,1,8.5,A,3.7,passed
HUS,23000010,PEC1008,20232,1,6.7,C+,2.5,passed
HUS,23000010,MAT2400,20241,2,3.4,F,0.0,failed
HUS,23000010,MAT2501,20241,2,4.9,D,1.0,passed
HUS,23000010,HUS1012,20241,1,4.7,D,1.0,passed
HUS,23000010,HUS1024,20241,1,3.9,F,0.0,failed
HUS,23000010,MAT1202,20241,1,4.6,D,1.0,passed
HUS,23000010,PHI1002,20241,1,4.0,D,1.0,passed
HUS,23000010,MAT2400,20242,3,3.6,F,0.0,failed
HUS,23000010,HUS1024,20242,2,3.6,F,0.0,failed
HUS,23000010,MAT2502,20242,1,5.2,D+,1.5,passed
HUS,23000010,MAT3514,20242,1,5.1,D+,1.5,passed
HUS,23000010,HIS1001,20242,1,5.9,C,2.0,passed
HUS,23000010,MAT2400,20251,4,6.7,C+,2.5,passed
HUS,23000010,HUS1024,20251,3,6.1,C,2.0,passed
HUS,23000010,MAT2323,20251,1,5.3,D+,1.5,passed
HUS,23000010,MAT2503,20251,1,5.9,C,2.0,passed
HUS,23000010,MAT3148,20251,1,3.6,F,0.0,failed
HUS,23000010,MAT3507,20251,1,4.0,D,1.0,passed
HUS,23000010,MAT2403,20252,1,4.5,D,1.0,passed
HUS,23000010,MAT3379,20252,1,4.4,D,1.0,passed
HUS,23000010,MAT3533,20252,1,2.7,F,0.0,failed
HUS,23000010,MAT1204,20252,1,5.5,C,2.0,passed
HUS,23000010,MAT2407,20252,1,4.6,D,1.0,passed
HUS,23000010,MAT3378,20252,1,3.7,F,0.0,failed
HUS,23000010,MAT3382,20252,1,5.0,D+,1.5,passed
HUS,23000011,HUS1011,20231,1,5.4,D+,1.5,passed
HUS,23000011,MAT2400,20231,1,0.0,F,0.0,failed
HUS,23000011,MAT2501,20231,1,4.9,D,1.0,passed
HUS,23000011,MAT3500,20231,1,2.7,F,0.0,failed
HUS,23000011,PHI1006,20231,1,8.5,A,3.7,passed
HUS,23000011,MAT2502,20232,1,4.2,D,1.0,passed
HUS,23000011,MAT2505,20232,1,5.6,C,2.0,passed
HUS,23000011,MAT3557,20232,1,5.0,D+,1.5,passed
HUS,23000011,MAT2400,20241,2,2.6,F,0.0,failed
HUS,23000011,MAT3500,20241,2,1.2,F,0.0,failed
HUS,23000011,FLF1107,20241,1,6.2,C,2.0,passed
HUS,23000011,HUS1023,20241,1,6.6,C+,2.5,passed
HUS,23000011,PEC1008,20241,1,5.1,D+,1.5,passed
HUS,23000011,HIS1056,20241,1,6.5,C+,2.5,passed
HUS,23000011,HUS1012,20241,1,7.2,B,3.0,passed
HUS,23000011,MAT2400,20242,3,3.6,F,0.0,failed
HUS,23000011,MAT3500,20242,3,0.2,F,0.0,failed
HUS,23000011,MAT1202,20242,1,5.3,D+,1.5,passed
HUS,23000011,MAT2323,20242,1,2.7,F,0.0,failed
HUS,23000011,MAT2503,20242,1,4.3,D,1.0,passed
HUS,23000011,PHI1002,20242,1,8.8,A,3.7,passed
HUS,23000011,MAT3500,20251,4,1.1,F,0.0,failed
HUS,23000011,MAT3514,20251,1,5.1,D+,1.5,passed
HUS,23000011,HIS1001,20251,1,9.1,A+,4.0,passed
HUS,23000011,MAT3507,20251,1,8.4,B+,3.5,passed
HUS,23000011,MAT3383,20251,1,7.1,B,3.0,passed
HUS,23000011,POL1001,20251,1,8.3,B+,3.5,passed
HUS,23000011,MAT2400,20252,4,3.1,F,0.0,failed
HUS,23000011,MAT3500,20252,5,5.2,D+,1.5,passed
HUS,23000011,MAT3148,20252,1,4.7,D,1.0,passed
HUS,23000011,MAT1204,20252,1,7.9,B,3.0,passed
HUS,23000011,MAT3378,20252,1,8.4,B+,3.5,passed
HUS,23000011,THL1057,20252,1,8.3,B+,3.5,passed
HUS,23000012,HUS1011,20231,1,3.7,F,0.0,failed
HUS,23000012,MAT2400,20231,1,7.1,B,3.0,passed
HUS,23000012,MAT2501,20231,1,6.3,C,2.0,passed
HUS,23000012,MAT3500,20231,1,5.8,C,2.0,passed
HUS,23000012,PHI1006,20231,1,3.7,F,0.0,failed
HUS,23000012,PHI1006,20232,2,5.7,C,2.0,passed
HUS,23000012,FLF1107,20232,1,5.4,D+,1.5,passed
HUS,23000012,HUS1022,20232,1,7.9,B,3.0,passed
HUS,23000012,MAT2502,20232,1,6.4,C,2.0,passed
HUS,23000012,MAT3557,20232,1,5.1,D+,1.5,passed
HUS,23000012,PEC1008,20241,1,5.1,D+,1.5,passed
HUS,23000012,HUS1012,20241,1,6.4,C,2.0,passed
HUS,23000012,HUS1021,20241,1,6.4,C,2.0,passed
HUS,23000012,MAT2323,20241,1,7.7,B,3.0,passed
HUS,23000012,MAT2503,20241,1,6.6,C+,2.5,passed
HUS,23000012,PHI1002,20241,1,6.3,C,2.0,passed
HUS,23000012,HUS1011,20242,2,5.5,C,2.0,passed
HUS,23000012,HIS1001,20242,1,7.2,B,3.0,passed
HUS,23000012,MAT2403,20242,1,6.0,C,2.0,passed
HUS,23000012,MAT3533,20242,1,7.2,B,3.0,passed
HUS,23000012,MAT2505,20251,1,3.8,F,0.0,failed
HUS,23000012,MAT1209,20251,1,5.4,D+,1.5,passed
HUS,23000012,MAT2034,20251,1,4.3,D,1.0,passed
HUS,23000012,MAT2407,20251,1,5.7,C,2.0,passed
HUS,23000012,MAT3383,20251,1,3.2,F,0.0,failed
HUS,23000012,POL1001,20251,1,5.6,C,2.0,passed
HUS,23000012,MAT2505,20252,2,5.9,C,2.0,passed
HUS,23000012,MAT3387,20252,1,5.0,D+,1.5,passed
HUS,23000012,MAT3388,20252,1,4.9,D,1.0,passed
HUS,23000012,MAT3389,20252,1,5.7,C,2.0,passed
HUS,23000012,THL1057,20252,1,4.7,D,1.0,passed
HUS,23000013,HUS1011,20231,1,6.0,C,2.0,passed
HUS,23000013,MAT2400,20231,1,7.8,B,3.0,passed
HUS,23000013,MAT2501,20231,1,6.3,C,2.0,passed
HUS,23000013,MAT3500,20231,1,6.4,C,2.0,passed
HUS,23000013,PHI1006,20231,1,7.1,B,3.0,passed
HUS,23000013,FLF1107,20232,1,7.2,B,3.0,passed
HUS,23000013,HUS1023,20232,1,9.6,A+,4.0,passed
HUS,23000013,MAT2502,20232,1,4.8,D,1.0,passed
HUS,23000013,MAT2505,20232,1,5.8,C,2.0,passed
HUS,23000013,MAT3557,20232,1,9.5,A+,4.0,passed
HUS,23000013,PEC1008,20232,1,5.5,C,2.0,passed
HUS,23000013,HUS1012,20241,1,7.0,B,3.0,passed
HUS,23000013,HUS1024,20241,1,9.1,A+,4.0,passed
HUS,23000013,MAT1202,20241,1,7.2,B,3.0,passed
HUS,23000013,MAT2323,20241,1,9.2,A+,4.0,passed
HUS,23000013,MAT2503,20241,1,7.3,B,3.0,passed
HUS,23000013,MAT3514,20241,1,6.4,C,2.0,passed
HUS,23000013,PHI1002,20241,1,6.1,C,2.0,passed
HUS,23000013,HIS1001,20242,1,6.4,C,2.0,passed
HUS,23000013,MAT2403,20242,1,7.9,B,3.0,passed
HUS,23000013,MAT3148,20242,1,7.2,B,3.0,passed
HUS,23000013,MAT3379,20242,1,7.7,B,3.0,passed
HUS,23000013,MAT3507,20242,1,6.0,C,2.0,passed
HUS,23000013,MAT3533,20251,1,10.0,A+,4.0,passed
HUS,23000013,MAT1204,20251,1,6.1,C,2.0,passed
HUS,23000013,MAT2034,20251,1,5.6,C,2.0,passed
HUS,23000013,MAT2407,20251,1,8.9,A,3.7,passed
HUS,23000013,MAT3378,20251,1,8.0,B+,3.5,passed
HUS,23000013,POL1001,20251,1,7.6,B,3.0,passed
HUS,23000013,MAT1209,20252,1,8.9,A,3.7,passed
HUS,23000013,MAT3383,20252,1,8.9,A,3.7,passed
HUS,23000013,MAT3381,20252,1,7.8,B,3.0,passed
HUS,23000013,MAT3386,20252,1,8.8,A,3.7,passed
HUS,23000013,MAT3388,20252,1,7.6,B,3.0,passed
HUS,23000013,MAT3389,20252,1,7.7,B,3.0,passed
HUS,23000013,THL1057,20252,1,7.2,B,3.0,passed
HUS,23000014,HUS1011,20231,1,4.7,D,1.0,passed
HUS,23000014,MAT2400,20231,1,5.7,C,2.0,passed
HUS,23000014,MAT2501,20231,1,4.6,D,1.0,passed
HUS,23000014,MAT3500,20231,1,4.9,D,1.0,passed
HUS,23000014,PHI1006,20231,1,7.2,B,3.0,passed
HUS,23000014,FLF1107,20232,1,7.2,B,3.0,passed
HUS,23000014,HUS1023,20232,1,6.9,C+,2.5,passed
HUS,23000014,MAT2502,20232,1,2.7,F,0.0,failed
HUS,23000014,MAT2505,20232,1,6.5,C+,2.5,passed
HUS,23000014,MAT3557,20232,1,4.6,D,1.0,passed
HUS,23000014,PEC1008,20232,1,7.5,B,3.0,passed
HUS,23000014,MAT2502,20241,2,4.8,D,1.0,passed
HUS,23000014,HUS1012,20241,1,7.9,B,3.0,passed
HUS,23000014,HUS1021,20241,1,7.0,B,3.0,passed
HUS,23000014,MAT1202,20241,1,6.3,C,2.0,passed
HUS,23000014,MAT3514,20241,1,4.1,D,1.0,passed
HUS,23000014,PHI1002,20241,1,5.8,C,2.0,passed
HUS,23000014,MAT2323,20242,1,5.0,D+,1.5,passed
HUS,23000014,MAT2503,20242,1,4.6,D,1.0,passed
HUS,23000014,HIS1001,20242,1,5.9,C,2.0,passed
HUS,23000014,MAT2403,20242,1,6.3,C,2.0,passed
HUS,23000014,MAT3148,20242,1,3.9,F,0.0,failed
HUS,23000014,MAT3507,20242,1,3.7,F,0.0,failed
HUS,23000014,MAT3148,20251,2,4.5,D,1.0,passed
HUS,23000014,MAT3507,20251,2,4.4,D,1.0,passed
HUS,23000014,MAT3379,20251,1,7.6,B,3.0,passed
HUS,23000014,MAT3533,20251,1,6.5,C+,2.5,passed
HUS,23000014,MAT2034,20251,1,1.8,F,0.0,failed
HUS,23000014,MAT2407,20251,1,5.8,C,2.0,passed
HUS,23000014,MAT3383,20251,1,6.9,C+,2.5,passed
HUS,23000014,MAT2034,20252,2,4.8,D,1.0,passed
HUS,23000014,MAT1204,20252,1,6.6,C+,2.5,passed
HUS,23000014,MAT1209,20252,1,5.8,C,2.0,passed
HUS,23000014,MAT3378,20252,1,4.6,D,1.0,passed
HUS,23000014,POL1001,20252,1,5.9,C,2.0,passed
HUS,23000014,MAT3388,20252,1,5.3,D+,1.5,passed
HUS,23000014,MAT3534,20252,1,9.2,A+,4.0,passed
HUS,23000014,THL1057,20252,1,5.2,D+,1.5,passed
HUS,23000015,HUS1011,20231,1,6.6,C+,2.5,passed
HUS,23000015,MAT2400,20231,1,8.9,A,3.7,passed
HUS,23000015,MAT2501,20231,1,7.8,B,3.0,passed
HUS,23000015,MAT3500,20231,1,8.0,B+,3.5,passed
HUS,23000015,PHI1006,20231,1,8.8,A,3.7,passed
HUS,23000015,FLF1107,20232,1,10.0,A+,4.0,passed
HUS,23000015,MAT2502,20232,1,7.4,B,3.0,passed
HUS,23000015,MAT3557,20232,1,6.2,C,2.0,passed
HUS,23000015,PEC1008,20232,1,9.0,A+,4.0,passed
HUS,23000015,HUS1022,20241,1,8.1,B+,3.5,passed
HUS,23000015,MAT2505,20241,1,6.4,C,2.0,passed
HUS,23000015,HUS1012,20241,1,10.0,A+,4.0,passed
HUS,23000015,HUS1021,20241,1,10.0,A+,4.0,passed
HUS,23000015,MAT2323,20241,1,10.0,A+,4.0,passed
HUS,23000015,MAT2503,20241,1,10.0,A+,4.0,passed
HUS,23000015,PHI1002,20241,1,9.5,A+,4.0,passed
HUS,23000015,MAT1202,20242,1,6.6,C+,2.5,passed
HUS,23000015,MAT3514,20242,1,8.7,A,3.7,passed
HUS,23000015,HIS1001,20242,1,9.0,A+,4.0,passed
HUS,23000015,MAT2403,20242,1,7.7,B,3.0,passed
HUS,23000015,MAT3379,20242,1,8.3,B+,3.5,passed
HUS,23000015,MAT3507,20242,1,8.4,B+,3.5,passed
HUS,23000015,MAT3148,20251,1,9.3,A+,4.0,passed
HUS,23000015,MAT3533,20251,1,6.4,C,2.0,passed
HUS,23000015,MAT1204,20251,1,9.3,A+,4.0,passed
HUS,23000015,MAT2034,20251,1,6.9,C+,2.5,passed
HUS,23000015,MAT2407,20251,1,8.5,A,3.7,passed
HUS,23000015,MAT3378,20251,1,7.6,B,3.0,passed
HUS,23000015,MAT3383,20251,1,7.6,B,3.0,passed
HUS,23000015,MAT1209,20252,1,9.3,A+,4.0,passed
HUS,23000015,POL1001,20252,1,8.6,A,3.7,passed
HUS,23000015,MAT3381,20252,1,7.7,B,3.0,passed
HUS,23000015,MAT3386,20252,1,6.5,C+,2.5,passed
HUS,23000015,MAT3389,20252,1,9.4,A+,4.0,passed
HUS,23000015,THL1057,20252,1,6.3,C,2.0,passed
HUS,23000016,HUS1011,20231,1,6.4,C,2.0,passed
HUS,23000016,MAT2400,20231,1,7.7,B,3.0,passed
HUS,23000016,MAT2501,20231,1,7.6,B,3.0,passed
HUS,23000016,MAT3500,20231,1,6.6,C+,2.5,passed
HUS,23000016,PHI1006,20231,1,7.7,B,3.0,passed
HUS,23000016,FLF1107,20232,1,7.3,B,3.0,passed
HUS,23000016,HUS1022,20232,1,7.7,B,3.0,passed
HUS,23000016,MAT2502,20232,1,7.8,B,3.0,passed
HUS,23000016,MAT2505,20232,1,8.3,B+,3.5,passed
HUS,23000016,MAT3557,20232,1,7.8,B,3.0,passed
HUS,23000016,PEC1008,20232,1,8.6,A,3.7,passed
HUS,23000016,HUS1012,20241,1,6.9,C+,2.5,passed
HUS,23000016,HUS1021,20241,1,6.2,C,2.0,passed
HUS,23000016,MAT1202,20241,1,7.0,B,3.0,passed
HUS,23000016,MAT2323,20241,1,8.3,B+,3.5,passed
HUS,23000016,MAT2503,20241,1,6.5,C+,2.5,passed
HUS,23000016,MAT3514,20241,1,7.7,B,3.0,passed
HUS,23000016,PHI1002,20241,1,6.0,C,2.0,passed
HUS,23000016,HIS1001,20242,1,7.1,B,3.0,passed
HUS,23000016,MAT2403,20242,1,8.0,B+,3.5,passed
HUS,23000016,MAT3148,20242,1,6.3,C,2.0,passed
HUS,23000016,MAT3379,20242,1,6.3,C,2.0,passed
HUS,23000016,MAT3507,20242,1,7.1,B,3.0,passed
HUS,23000016,MAT3533,20242,1,6.3,C,2.0,passed
HUS,23000016,MAT1204,20251,1,7.3,B,3.0,passed
HUS,23000016,MAT1209,20251,1,7.3,B,3.0,passed
HUS,23000016,MAT2034,20251,1,8.3,B+,3.5,passed
HUS,23000016,MAT2407,20251,1,6.9,C+,2.5,passed
HUS,23000016,MAT3378,20251,1,5.0,D+,1.5,passed
HUS,23000016,MAT3382,20251,1,8.4,B+,3.5,passed
HUS,23000016,POL1001,20251,1,7.5,B,3.0,passed
HUS,23000016,MAT3381,20252,1,5.2,D+,1.5,passed
HUS,23000016,MAT3387,20252,1,5.2,D+,1.5,passed
HUS,23000016,MAT3388,20252,1,3.8,F,0.0,failed
HUS,23000016,MAT3389,20252,1,7.3,B,3.0,passed
HUS,23000016,THL1057,20252,1,6.5,C+,2.5,passed
HUS,23000017,FLF1107,20231,1,,,,exempted
HUS,23000017,HUS1011,20231,1,4.9,D,1.0,passed
HUS,23000017,MAT2400,20231,1,6.5,C+,2.5,passed
HUS,23000017,MAT2501,20231,1,6.2,C,2.0,passed
HUS,23000017,MAT3500,20231,1,3.3,F,0.0,failed
HUS,23000017,PHI1006,20231,1,7.4,B,3.0,passed
HUS,23000017,MAT3500,20232,2,7.3,B,3.0,passed
HUS,23000017,HUS1022,20232,1,6.3,C,2.0,passed
HUS,23000017,MAT2502,20232,1,8.0,B+,3.5,passed
HUS,23000017,MAT3557,20232,1,5.7,C,2.0,passed
HUS,23000017,PEC1008,20232,1,4.6,D,1.0,passed
HUS,23000017,MAT2505,20241,1,5.5,C,2.0,passed
HUS,23000017,HUS1012,20241,1,8.0,B+,3.5,passed
HUS,23000017,HUS1024,20241,1,5.8,C,2.0,passed
HUS,23000017,MAT2323,20241,1,7.6,B,3.0,passed
HUS,23000017,MAT2503,20241,1,7.8,B,3.0,passed
HUS,23000017,PHI1002,20241,1,3.4,F,0.0,failed
HUS,23000017,MAT1202,20242,1,5.0,D+,1.5,passed
HUS,23000017,MAT3514,20242,1,4.5,D,1.0,passed
HUS,23000017,HIS1001,20242,1,4.0,D,1.0,passed
HUS,23000017,MAT2403,20242,1,7.8,B,3.0,passed
HUS,23000017,MAT3379,20242,1,4.2,D,1.0,passed
HUS,23000017,MAT3507,20242,1,6.4,C,2.0,passed
HUS,23000017,PHI1002,20251,2,4.9,D,1.0,passed
HUS,23000017,MAT3148,20251,1,6.2,C,2.0,passed
HUS,23000017,MAT3533,20251,1,6.0,C,2.0,passed
HUS,23000017,MAT1204,20251,1,4.6,D,1.0,passed
HUS,23000017,MAT2034,20251,1,7.2,B,3.0,passed
HUS,23000017,MAT3378,20251,1,5.5,C,2.0,passed
HUS,23000017,MAT3383,20251,1,5.9,C,2.0,passed
HUS,23000017,POL1001,20251,1,2.8,F,0.0,failed
HUS,23000017,POL1001,20252,2,7.7,B,3.0,passed
HUS,23000017,MAT1209,20252,1,4.8,D,1.0,passed
HUS,23000017,MAT2407,20252,1,7.7,B,3.0,passed
HUS,23000017,MAT3381,20252,1,6.5,C+,2.5,passed
HUS,23000017,MAT3386,20252,1,4.6,D,1.0,passed
HUS,23000017,MAT3387,20252,1,5.1,D+,1.5,passed
HUS,23000017,MAT3388,20252,1,6.5,C+,2.5,passed
HUS,23000017,THL1057,20252,1,6.4,C,2.0,passed
HUS,23000018,HUS1011,20231,1,7.2,B,3.0,passed
HUS,23000018,MAT2400,20231,1,4.6,D,1.0,passed
HUS,23000018,MAT2501,20231,1,5.6,C,2.0,passed
HUS,23000018,MAT3500,20231,1,4.3,D,1.0,passed
HUS,23000018,PHI1006,20231,1,4.6,D,1.0,passed
HUS,23000018,FLF1107,20232,1,6.3,C,2.0,passed
HUS,23000018,HUS1022,20232,1,5.8,C,2.0,passed
HUS,23000018,MAT2502,20232,1,6.3,C,2.0,passed
HUS,23000018,MAT2505,20232,1,5.3,D+,1.5,passed
HUS,23000018,MAT3557,20232,1,6.0,C,2.0,passed
HUS,23000018,PEC1008,20241,1,5.0,D+,1.5,passed
HUS,23000018,HUS1012,20241,1,4.6,D,1.0,passed
HUS,23000018,HUS1024,20241,1,4.8,D,1.0,passed
HUS,23000018,MAT1202,20241,1,6.5,C+,2.5,passed
HUS,23000018,MAT2323,20241,1,4.0,D,1.0,passed
HUS,23000018,MAT2503,20241,1,5.6,C,2.0,passed
HUS,23000018,MAT3514,20241,1,7.0,B,3.0,passed
HUS,23000018,PHI1002,20241,1,5.7,C,2.0,passed
HUS,23000018,HIS1001,20242,1,5.5,C,2.0,passed
HUS,23000018,MAT2403,20242,1,6.1,C,2.0,passed
HUS,23000018,MAT3148,20242,1,6.5,C+,2.5,passed
HUS,23000018,MAT3379,20242,1,5.0,D+,1.5,passed
HUS,23000018,MAT3507,20242,1,4.6,D,1.0,passed
HUS,23000018,MAT3533,20242,1,5.2,D+,1.5,passed
HUS,23000018,MAT1204,20251,1,3.4,F,0.0,failed
HUS,23000018,MAT1209,20251,1,7.5,B,3.0,passed
HUS,23000018,MAT2034,20251,1,7.2,B,3.0,passed
HUS,23000018,MAT2407,20251,1,4.6,D,1.0,passed
HUS,23000018,MAT3378,20251,1,4.7,D,1.0,passed
HUS,23000018,MAT3382,20251,1,7.7,B,3.0,passed
HUS,23000018,POL1001,20251,1,6.8,C+,2.5,passed
HUS,23000018,MAT1204,20252,2,4.0,D,1.0,passed
HUS,23000018,MAT3381,20252,1,2.7,F,0.0,failed
HUS,23000018,MAT3388,20252,1,3.9,F,0.0,failed
HUS,23000018,MAT3534,20252,1,4.9,D,1.0,passed
HUS,23000018,THL1057,20252,1,7.1,B,3.0,passed
HUS,23000019,HUS1011,20231,1,8.9,A,3.7,passed
HUS,23000019,MAT2400,20231,1,8.9,A,3.7,passed
HUS,23000019,MAT2501,20231,1,7.5,B,3.0,passed
HUS,23000019,MAT3500,20231,1,7.4,B,3.0,passed
HUS,23000019,PHI1006,20231,1,10.0,A+,4.0,passed
HUS,23000019,FLF1107,20232,1,7.0,B,3.0,passed
HUS,23000019,HUS1022,20232,1,8.4,B+,3.5,passed
HUS,23000019,MAT2502,20232,1,8.4,B+,3.5,passed
HUS,23000019,MAT2505,20232,1,9.1,A+,4.0,passed
HUS,23000019,MAT3557,20232,1,7.5,B,3.0,passed
HUS,23000019,PEC1008,20232,1,6.2,C,2.0,passed
HUS,23000019,HUS1012,20241,1,8.5,A,3.7,passed
HUS,23000019,HUS1021,20241,1,7.8,B,3.0,passed
HUS,23000019,MAT2503,20241,1,8.7,A,3.7,passed
HUS,23000019,MAT3514,20241,1,8.6,A,3.7,passed
HUS,23000019,PHI1002,20241,1,8.5,A,3.7,passed
HUS,23000019,MAT1202,20242,1,8.2,B+,3.5,passed
HUS,23000019,MAT2323,20242,1,10.0,A+,4.0,passed
HUS,23000019,HIS1001,20242,1,9.4,A+,4.0,passed
HUS,23000019,MAT2403,20242,1,8.2,B+,3.5,passed
HUS,23000019,MAT3148,20242,1,8.6,A,3.7,passed
HUS,23000019,MAT3507,20242,1,6.2,C,2.0,passed
HUS,23000019,MAT3379,20251,1,6.6,C+,2.5,passed
HUS,23000019,MAT3533,20251,1,6.6,C+,2.5,passed
HUS,23000019,MAT1204,20251,1,8.5,A,3.7,passed
HUS,23000019,MAT2034,20251,1,7.2,B,3.0,passed
HUS,23000019,MAT3378,20251,1,6.7,C+,2.5,passed
HUS,23000019,MAT3382,20251,1,8.4,B+,3.5,passed
HUS,23000019,POL1001,20251,1,10.0,A+,4.0,passed
HUS,23000019,MAT1209,20252,1,6.4,C,2.0,passed
HUS,23000019,MAT2407,20252,1,9.0,A+,4.0,passed
HUS,23000019,MAT3381,20252,1,8.2,B+,3.5,passed
HUS,23000019,MAT3386,20252,1,7.9,B,3.0,passed
HUS,23000019,MAT3387,20252,1,7.2,B,3.0,passed
HUS,23000019,MAT3389,20252,1,7.0,B,3.0,passed
HUS,23000019,THL1057,20252,1,8.0,B+,3.5,passed
HUS,23000020,HUS1011,20231,1,7.4,B,3.0,passed
HUS,23000020,MAT2400,20231,1,9.0,A+,4.0,passed
HUS,23000020,MAT2501,20231,1,7.8,B,3.0,passed
HUS,23000020,MAT3500,20231,1,7.3,B,3.0,passed
HUS,23000020,PHI1006,20231,1,3.9,F,0.0,failed
HUS,23000020,FLF1107,20232,1,5.0,D+,1.5,passed
HUS,23000020,HUS1022,20232,1,7.5,B,3.0,passed
HUS,23000020,MAT2502,20232,1,5.9,C,2.0,passed
HUS,23000020,MAT2505,20232,1,5.8,C,2.0,passed
HUS,23000020,MAT3557,20232,1,7.1,B,3.0,passed
HUS,23000020,PHI1006,20241,2,4.4,D,1.0,passed
HUS,23000020,HUS1012,20241,1,4.7,D,1.0,passed
HUS,23000020,HUS1024,20241,1,5.4,D+,1.5,passed
HUS,23000020,MAT1202,20241,1,4.4,D,1.0,passed
HUS,23000020,MAT2323,20241,1,4.9,D,1.0,passed
HUS,23000020,MAT2503,20241,1,7.2,B,3.0,passed
HUS,23000020,MAT3514,20241,1,7.4,B,3.0,passed
HUS,23000020,PEC1008,20242,1,2.5,F,0.0,failed
HUS,23000020,PHI1002,20242,1,5.2,D+,1.5,passed
HUS,23000020,HIS1001,20242,1,4.4,D,1.0,passed
HUS,23000020,MAT2403,20242,1,6.6,C+,2.5,passed
HUS,23000020,MAT3148,20242,1,8.0,B+,3.5,passed
HUS,23000020,MAT3379,20242,1,3.1,F,0.0,failed
HUS,23000020,MAT3507,20242,1,5.1,D+,1.5,passed
HUS,23000020,MAT3379,20251,2,5.5,C,2.0,passed
HUS,23000020,MAT3533,20251,1,5.8,C,2.0,passed
HUS,23000020,MAT1204,20251,1,4.7,D,1.0,passed
HUS,23000020,MAT2034,20251,1,4.8,D,1.0,passed
HUS,23000020,MAT2407,20251,1,5.8,C,2.0,passed
HUS,23000020,MAT3378,20251,1,4.8,D,1.0,passed
HUS,23000020,MAT3382,20251,1,5.8,C,2.0,passed
HUS,23000020,PEC1008,20252,2,5.6,C,2.0,passed
HUS,23000020,MAT1209,20252,1,7.2,B,3.0,passed
HUS,23000020,POL1001,20252,1,2.9,F,0.0,failed
HUS,23000020,MAT3381,20252,1,5.0,D+,1.5,passed
HUS,23000020,MAT3386,20252,1,4.1,D,1.0,passed
HUS,23000020,MAT3387,20252,1,5.7,C,2.0,passed
HUS,23000020,THL1057,20252,1,4.3,D,1.0,passed
HUS,23000021,HUS1011,20231,1,3.3,F,0.0,failed
HUS,23000021,MAT2400,20231,1,4.3,D,1.0,passed
HUS,23000021,MAT2501,20231,1,5.4,D+,1.5,passed
HUS,23000021,MAT3500,20231,1,7.6,B,3.0,passed
HUS,23000021,PHI1006,20231,1,6.7,C+,2.5,passed
HUS,23000021,HUS1011,20232,2,4.1,D,1.0,passed
HUS,23000021,FLF1107,20232,1,8.4,B+,3.5,passed
HUS,23000021,HUS1023,20232,1,6.1,C,2.0,passed
HUS,23000021,MAT2502,20232,1,6.9,C+,2.5,passed
HUS,23000021,MAT3557,20232,1,5.5,C,2.0,passed
HUS,23000021,PEC1008,20232,1,8.3,B+,3.5,passed
HUS,23000021,MAT2505,20241,1,5.8,C,2.0,passed
HUS,23000021,HIS1056,20241,1,7.4,B,3.0,passed
HUS,23000021,HUS1012,20241,1,6.6,C+,2.5,passed
HUS,23000021,MAT2323,20241,1,8.3,B+,3.5,passed
HUS,23000021,MAT2503,20241,1,4.6,D,1.0,passed
HUS,23000021,PHI1002,20241,1,8.6,A,3.7,passed
HUS,23000021,MAT1202,20242,1,5.0,D+,1.5,passed
HUS,23000021,MAT3514,20242,1,3.6,F,0.0,failed
HUS,23000021,HIS1001,20242,1,6.0,C,2.0,passed
HUS,23000021,MAT2403,20242,1,6.7,C+,2.5,passed
HUS,23000021,MAT3379,20242,1,5.5,C,2.0,passed
HUS,23000021,MAT3507,20242,1,8.1,B+,3.5,passed
HUS,23000021,MAT3514,20251,2,6.7,C+,2.5,passed
HUS,23000021,MAT3533,20251,1,6.4,C,2.0,passed
HUS,23000021,MAT2034,20251,1,6.9,C+,2.5,passed
HUS,23000021,MAT2407,20251,1,5.8,C,2.0,passed
HUS,23000021,MAT3378,20251,1,7.5,B,3.0,passed
HUS,23000021,MAT3383,20251,1,6.7,C+,2.5,passed
HUS,23000021,POL1001,20251,1,4.5,D,1.0,passed
HUS,23000021,MAT3148,20252,1,7.1,B,3.0,passed
HUS,23000021,MAT1204,20252,1,4.8,D,1.0,passed
HUS,23000021,MAT3382,20252,1,5.4,D+,1.5,passed
HUS,23000021,MAT3381,20252,1,7.6,B,3.0,passed
HUS,23000021,MAT3387,20252,1,4.1,D,1.0,passed
HUS,23000021,MAT3388,20252,1,7.0,B,3.0,passed
HUS,23000021,MAT3389,20252,1,7.1,B,3.0,passed
HUS,23000022,HUS1011,20231,1,9.1,A+,4.0,passed
HUS,23000022,MAT2400,20231,1,9.4,A+,4.0,passed
HUS,23000022,MAT2501,20231,1,7.2,B,3.0,passed
HUS,23000022,MAT3500,20231,1,9.7,A+,4.0,passed
HUS,23000022,PHI1006,20231,1,6.6,C+,2.5,passed
HUS,23000022,FLF1107,20232,1,9.0,A+,4.0,passed
HUS,23000022,HUS1022,20232,1,9.4,A+,4.0,passed
HUS,23000022,MAT2502,20232,1,7.7,B,3.0,passed
HUS,23000022,MAT2505,20232,1,9.5,A+,4.0,passed
HUS,23000022,MAT3557,20232,1,9.5,A+,4.0,passed
HUS,23000022,PEC1008,20232,1,9.1,A+,4.0,passed
HUS,23000022,HUS1012,20241,1,7.6,B,3.0,passed
HUS,23000022,HUS1024,20241,1,7.1,B,3.0,passed
HUS,23000022,MAT1202,20241,1,4.0,D,1.0,passed
HUS,23000022,MAT2323,20241,1,9.5,A+,4.0,passed
HUS,23000022,MAT2503,20241,1,8.2,B+,3.5,passed
HUS,23000022,MAT3514,20241,1,6.3,C,2.0,passed
HUS,23000022,PHI1002,20241,1,8.4,B+,3.5,passed
HUS,23000022,HIS1001,20242,1,6.6,C+,2.5,passed
HUS,23000022,MAT2403,20242,1,8.4,B+,3.5,passed
HUS,23000022,MAT3148,20242,1,9.8,A+,4.0,passed
HUS,23000022,MAT3379,20242,1,6.3,C,2.0,passed
HUS,23000022,MAT3507,20242,1,7.2,B,3.0,passed
HUS,23000022,MAT3533,20242,1,7.6,B,3.0,passed
HUS,23000022,MAT1204,20251,1,8.3,B+,3.5,passed
HUS,23000022,MAT1209,20251,1,8.8,A,3.7,passed
HUS,23000022,MAT2034,20251,1,7.8,B,3.0,passed
HUS,23000022,MAT2407,20251,1,8.6,A,3.7,passed
HUS,23000022,MAT3378,20251,1,8.5,A,3.7,passed
HUS,23000022,MAT3383,20251,1,7.8,B,3.0,passed
HUS,23000022,POL1001,20251,1,9.7,A+,4.0,passed
HUS,23000022,MAT3381,20252,1,7.5,B,3.0,passed
HUS,23000022,MAT3387,20252,1,10.0,A+,4.0,passed
HUS,23000022,MAT3388,20252,1,9.0,A+,4.0,passed
HUS,23000022,MAT3534,20252,1,6.9,C+,2.5,passed
HUS,23000022,THL1057,20252,1,7.2,B,3.0,passed
HUS,23000023,HUS1011,20231,1,2.9,F,0.0,failed
HUS,23000023,MAT2400,20231,1,3.8,F,0.0,failed
HUS,23000023,MAT2501,20231,1,3.1,F,0.0,failed
HUS,23000023,MAT3500,20231,1,4.2,D,1.0,passed
HUS,23000023,PHI1006,20231,1,5.8,C,2.0,passed
HUS,23000023,HUS1011,20232,2,3.4,F,0.0,failed
HUS,23000023,MAT2400,20232,2,3.3,F,0.0,failed
HUS,23000023,FLF1107,20232,1,4.4,D,1.0,passed
HUS,23000023,HUS1023,20232,1,6.2,C,2.0,passed
HUS,23000023,MAT3557,20232,1,3.4,F,0.0,failed
HUS,23000023,PEC1008,20232,1,8.0,B+,3.5,passed
HUS,23000023,MAT2400,20241,3,4.8,D,1.0,passed
HUS,23000023,MAT2501,20241,2,3.5,F,0.0,failed
HUS,23000023,MAT3557,20241,2,3.5,F,0.0,failed
HUS,23000023,HIS1056,20241,1,5.0,D+,1.5,passed
HUS,23000023,HUS1012,20241,1,4.9,D,1.0,passed
HUS,23000023,PHI1002,20241,1,6.5,C+,2.5,passed
HUS,23000023,HUS1011,20242,3,6.2,C,2.0,passed
HUS,23000023,MAT2501,20242,3,3.2,F,0.0,failed
HUS,23000023,HIS1001,20242,1,5.4,D+,1.5,passed
HUS,23000023,MAT2501,20251,4,4.7,D,1.0,passed
HUS,23000023,MAT3557,20251,3,2.4,F,0.0,failed
HUS,23000023,MAT2505,20251,1,6.4,C,2.0,passed
HUS,23000023,MAT3383,20251,1,5.8,C,2.0,passed
HUS,23000023,POL1001,20251,1,5.5,C,2.0,passed
HUS,23000023,MAT3557,20252,4,3.8,F,0.0,failed
HUS,23000023,MAT2502,20252,1,2.2,F,0.0,failed
HUS,23000023,MAT1202,20252,1,6.4,C,2.0,passed
HUS,23000023,MAT3514,20252,1,5.5,C,2.0,passed
HUS,23000023,MAT2403,20252,1,5.5,C,2.0,passed
HUS,23000023,MAT3507,20252,1,6.1,C,2.0,passed
HUS,23000024,HUS1011,20231,1,8.9,A,3.7,passed
HUS,23000024,MAT2400,20231,1,9.3,A+,4.0,passed
HUS,23000024,MAT2501,20231,1,7.0,B,3.0,passed
HUS,23000024,MAT3500,20231,1,6.4,C,2.0,passed
HUS,23000024,PHI1006,20231,1,9.7,A+,4.0,passed
HUS,23000024,FLF1107,20232,1,6.9,C+,2.5,passed
HUS,23000024,HUS1022,20232,1,10.0,A+,4.0,passed
HUS,23000024,MAT2502,20232,1,5.9,C,2.0,passed
HUS,23000024,MAT2505,20232,1,8.3,B+,3.5,passed
HUS,23000024,MAT3557,20232,1,7.9,B,3.0,passed
HUS,23000024,PEC1008,20232,1,7.8,B,3.0,passed
HUS,23000024,HUS1012,20241,1,7.9,B,3.0,passed
HUS,23000024,HUS1021,20241,1,8.4,B+,3.5,passed
HUS,23000024,MAT1202,20241,1,8.1,B+,3.5,passed
HUS,23000024,MAT2323,20241,1,7.6,B,3.0,passed
HUS,23000024,MAT2503,20241,1,7.2,B,3.0,passed
HUS,23000024,MAT3514,20241,1,10.0,A+,4.0,passed
HUS,23000024,PHI1002,20241,1,8.2,B+,3.5,passed
HUS,23000024,HIS1001,20242,1,8.0,B+,3.5,passed
HUS,23000024,MAT2403,20242,1,7.2,B,3.0,passed
HUS,23000024,MAT3148,20242,1,5.8,C,2.0,passed
HUS,23000024,MAT3379,20242,1,6.7,C+,2.5,passed
HUS,23000024,MAT3507,20242,1,6.7,C+,2.5,passed
HUS,23000024,MAT3533,20242,1,8.9,A,3.7,passed
HUS,23000024,MAT1209,20251,1,9.3,A+,4.0,passed
HUS,23000024,MAT2034,20251,1,10.0,A+,4.0,passed
HUS,23000024,MAT2407,20251,1,7.8,B,3.0,passed
HUS,23000024,MAT3378,20251,1,6.4,C,2.0,passed
HUS,23000024,MAT3382,20251,1,8.3,B+,3.5,passed
HUS,23000024,POL1001,20251,1,7.5,B,3.0,passed
HUS,23000024,MAT1204,20252,1,8.1,B+,3.5,passed
HUS,23000024,MAT3381,20252,1,7.3,B,3.0,passed
HUS,23000024,MAT3386,20252,1,7.4,B,3.0,passed
HUS,23000024,MAT3387,20252,1,7.9,B,3.0,passed
HUS,23000024,MAT3388,20252,1,7.0,B,3.0,passed
HUS,23000024,THL1057,20252,1,9.7,A+,4.0,passed
HUS,23000025,HUS1011,20231,1,7.0,B,3.0,passed
HUS,23000025,MAT2400,20231,1,4.3,D,1.0,passed
HUS,23000025,MAT2501,20231,1,10.0,A+,4.0,passed
HUS,23000025,MAT3500,20231,1,5.9,C,2.0,passed
HUS,23000025,PHI1006,20232,1,10.0,A+,4.0,passed
HUS,23000025,FLF1107,20232,1,7.6,B,3.0,passed
HUS,23000025,HUS1023,20232,1,7.3,B,3.0,passed
HUS,23000025,MAT2502,20232,1,7.9,B,3.0,passed
HUS,23000025,MAT2505,20232,1,8.4,B+,3.5,passed
HUS,23000025,MAT3557,20232,1,5.6,C,2.0,passed
HUS,23000025,PEC1008,20241,1,10.0,A+,4.0,passed
HUS,23000025,HIS1056,20241,1,10.0,A+,4.0,passed
HUS,23000025,HUS1012,20241,1,6.2,C,2.0,passed
HUS,23000025,MAT1202,20241,1,9.2,A+,4.0,passed
HUS,23000025,MAT2323,20241,1,8.2,B+,3.5,passed
HUS,23000025,MAT2503,20241,1,6.9,C+,2.5,passed
HUS,23000025,PHI1002,20241,1,10.0,A+,4.0,passed
HUS,23000025,MAT3514,20242,1,9.0,A+,4.0,passed
HUS,23000025,HIS1001,20242,1,10.0,A+,4.0,passed
HUS,23000025,MAT2403,20242,1,7.4,B,3.0,passed
HUS,23000025,MAT3379,20242,1,8.3,B+,3.5,passed
HUS,23000025,MAT3507,20242,1,7.2,B,3.0,passed
HUS,23000025,MAT3533,20242,1,8.4,B+,3.5,passed
HUS,23000025,MAT3148,20251,1,8.4,B+,3.5,passed
HUS,23000025,MAT1204,20251,1,8.1,B+,3.5,passed
HUS,23000025,MAT2034,20251,1,7.3,B,3.0,passed
HUS,23000025,MAT2407,20251,1,6.0,C,2.0,passed
HUS,23000025,MAT3378,20251,1,9.4,A+,4.0,passed
HUS,23000025,MAT3382,20251,1,8.7,A,3.7,passed
HUS,23000025,MAT3383,20251,1,9.5,A+,4.0,passed
HUS,23000025,POL1001,20251,1,10.0,A+,4.0,passed
HUS,23000025,MAT3381,20252,1,9.0,A+,4.0,passed
HUS,23000025,MAT3387,20252,1,9.1,A+,4.0,passed
HUS,23000025,MAT3389,20252,1,10.0,A+,4.0,passed
HUS,23000025,MAT3534,20252,1,10.0,A+,4.0,passed
HUS,23000025,THL1057,20252,1,10.0,A+,4.0,passed
HUS,25000026,HUS1011,20251,1,9.5,A+,4.0,passed
HUS,25000026,MAT2400,20251,1,10.0,A+,4.0,passed
HUS,25000026,MAT2501,20251,1,10.0,A+,4.0,passed
HUS,25000026,MAT3500,20251,1,9.0,A+,4.0,passed
HUS,25000026,PHI1006,20251,1,10.0,A+,4.0,passed
HUS,25000026,FLF1107,20252,1,10.0,A+,4.0,passed
HUS,25000026,HUS1023,20252,1,8.5,A,3.7,passed
HUS,25000026,MAT2502,20252,1,9.5,A+,4.0,passed
HUS,25000026,MAT2505,20252,1,10.0,A+,4.0,passed
HUS,25000026,MAT3557,20252,1,5.4,D+,1.5,passed
HUS,25000026,PEC1008,20252,1,10.0,A+,4.0,passed
HUS,25000027,HUS1011,20251,1,10.0,A+,4.0,passed
HUS,25000027,MAT2400,20251,1,6.8,C+,2.5,passed
HUS,25000027,MAT2501,20251,1,8.4,B+,3.5,passed
HUS,25000027,PHI1006,20251,1,7.0,B,3.0,passed
HUS,25000027,MAT3500,20252,1,9.0,A+,4.0,passed
HUS,25000027,FLF1107,20252,1,5.9,C,2.0,passed
HUS,25000027,HUS1023,20252,1,9.2,A+,4.0,passed
HUS,25000027,MAT2502,20252,1,7.7,B,3.0,passed
HUS,25000027,MAT2505,20252,1,9.3,A+,4.0,passed
HUS,25000027,MAT3557,20252,1,6.9,C+,2.5,passed
HUS,25000028,HUS1011,20251,1,8.3,B+,3.5,passed
HUS,25000028,MAT2400,20251,1,5.7,C,2.0,passed
HUS,25000028,MAT2501,20251,1,8.9,A,3.7,passed
HUS,25000028,PHI1006,20251,1,9.3,A+,4.0,passed
HUS,25000028,MAT3500,20252,1,7.8,B,3.0,passed
HUS,25000028,FLF1107,20252,1,9.8,A+,4.0,passed
HUS,25000028,HUS1022,20252,1,10.0,A+,4.0,passed
HUS,25000028,MAT2502,20252,1,8.3,B+,3.5,passed
HUS,25000028,MAT2505,20252,1,8.7,A,3.7,passed
HUS,25000028,PEC1008,20252,1,7.4,B,3.0,passed
HUS,25000029,HUS1011,20251,1,7.6,B,3.0,passed
HUS,25000029,MAT2400,20251,1,6.0,C,2.0,passed
HUS,25000029,MAT2501,20251,1,6.1,C,2.0,passed
HUS,25000029,MAT3500,20251,1,7.5,B,3.0,passed
HUS,25000029,PHI1006,20251,1,7.3,B,3.0,passed
HUS,25000029,FLF1107,20252,1,8.3,B+,3.5,passed
HUS,25000029,HUS1023,20252,1,7.2,B,3.0,passed
HUS,25000029,MAT2502,20252,1,7.0,B,3.0,passed
HUS,25000029,MAT2505,20252,1,7.6,B,3.0,passed
HUS,25000029,MAT3557,20252,1,6.4,C,2.0,passed
HUS,25000029,PEC1008,20252,1,4.8,D,1.0,passed
HUS,25000030,HUS1011,20251,1,7.6,B,3.0,passed
HUS,25000030,MAT2400,20251,1,9.2,A+,4.0,passed
HUS,25000030,MAT2501,20251,1,6.5,C+,2.5,passed
HUS,25000030,MAT3500,20251,1,7.2,B,3.0,passed
HUS,25000030,PHI1006,20251,1,7.7,B,3.0,passed
HUS,25000030,FLF1107,20252,1,8.8,A,3.7,passed
HUS,25000030,HUS1023,20252,1,9.4,A+,4.0,passed
HUS,25000030,MAT2502,20252,1,10.0,A+,4.0,passed
HUS,25000030,MAT2505,20252,1,7.1,B,3.0,passed
HUS,25000030,MAT3557,20252,1,8.0,B+,3.5,passed
HUS,25000030,PEC1008,20252,1,9.5,A+,4.0,passed
HUS,25000031,HUS1011,20251,1,7.0,B,3.0,passed
HUS,25000031,MAT2400,20251,1,5.3,D+,1.5,passed
HUS,25000031,MAT2501,20251,1,7.5,B,3.0,passed
HUS,25000031,MAT3500,20251,1,7.6,B,3.0,passed
HUS,25000031,PHI1006,20251,1,8.8,A,3.7,passed
HUS,25000031,FLF1107,20252,1,4.6,D,1.0,passed
HUS,25000031,HUS1023,20252,1,6.8,C+,2.5,passed
HUS,25000031,MAT2502,20252,1,5.5,C,2.0,passed
HUS,25000031,MAT2505,20252,1,4.1,D,1.0,passed
HUS,25000031,MAT3557,20252,1,3.9,F,0.0,failed
HUS,25000031,PEC1008,20252,1,6.0,C,2.0,passed
HUS,25000032,HUS1011,20251,1,10.0,A+,4.0,passed
HUS,25000032,MAT2501,20251,1,8.6,A,3.7,passed
HUS,25000032,PHI1006,20251,1,7.9,B,3.0,passed
HUS,25000032,MAT2400,20252,1,7.8,B,3.0,passed
HUS,25000032,MAT3500,20252,1,8.3,B+,3.5,passed
HUS,25000032,FLF1107,20252,1,7.1,B,3.0,passed
HUS,25000032,HUS1023,20252,1,10.0,A+,4.0,passed
HUS,25000032,MAT2502,20252,1,6.4,C,2.0,passed
HUS,25000033,HUS1011,20251,1,9.7,A+,4.0,passed
HUS,25000033,MAT2400,20251,1,6.0,C,2.0,passed
HUS,25000033,MAT2501,20251,1,5.6,C,2.0,passed
HUS,25000033,MAT3500,20251,1,7.4,B,3.0,passed
HUS,25000033,PHI1006,20251,1,7.1,B,3.0,passed
HUS,25000033,FLF1107,20252,1,6.9,C+,2.5,passed
HUS,25000033,HUS1022,20252,1,7.8,B,3.0,passed
HUS,25000033,MAT2502,20252,1,7.5,B,3.0,passed
HUS,25000033,MAT2505,20252,1,7.7,B,3.0,passed
HUS,25000033,MAT3557,20252,1,9.0,A+,4.0,passed
HUS,25000033,PEC1008,20252,1,10.0,A+,4.0,passed
HUS,25000034,HUS1011,20251,1,7.7,B,3.0,passed
HUS,25000034,MAT2400,20251,1,7.7,B,3.0,passed
HUS,25000034,MAT2501,20251,1,5.2,D+,1.5,passed
HUS,25000034,MAT3500,20251,1,8.2,B+,3.5,passed
HUS,25000034,PHI1006,20251,1,6.5,C+,2.5,passed
HUS,25000034,FLF1107,20252,1,9.1,A+,4.0,passed
HUS,25000034,HUS1023,20252,1,10.0,A+,4.0,passed
HUS,25000034,MAT2502,20252,1,8.0,B+,3.5,passed
HUS,25000034,MAT2505,20252,1,9.1,A+,4.0,passed
HUS,25000034,MAT3557,20252,1,8.7,A,3.7,passed
HUS,25000034,PEC1008,20252,1,7.9,B,3.0,passed
HUS,25000035,FLF1107,20251,1,,,,exempted
HUS,25000035,HUS1011,20251,1,7.6,B,3.0,passed
HUS,25000035,MAT2400,20251,1,8.5,A,3.7,passed
HUS,25000035,MAT2501,20251,1,9.2,A+,4.0,passed
HUS,25000035,MAT3500,20251,1,7.9,B,3.0,passed
HUS,25000035,PHI1006,20251,1,9.2,A+,4.0,passed
HUS,25000035,HUS1023,20252,1,10.0,A+,4.0,passed
HUS,25000035,MAT2502,20252,1,8.3,B+,3.5,passed
HUS,25000035,MAT2505,20252,1,8.1,B+,3.5,passed
HUS,25000035,MAT3557,20252,1,8.9,A,3.7,passed
HUS,25000035,PEC1008,20252,1,9.0,A+,4.0,passed
HUS,25000036,HUS1011,20251,1,9.5,A+,4.0,passed
HUS,25000036,MAT2400,20251,1,8.0,B+,3.5,passed
HUS,25000036,MAT3500,20251,1,6.4,C,2.0,passed
HUS,25000036,PHI1006,20251,1,7.5,B,3.0,passed
HUS,25000036,MAT2501,20252,1,7.3,B,3.0,passed
HUS,25000036,FLF1107,20252,1,7.7,B,3.0,passed
HUS,25000036,HUS1022,20252,1,6.4,C,2.0,passed
HUS,25000036,MAT2505,20252,1,6.2,C,2.0,passed
HUS,25000036,MAT3557,20252,1,5.3,D+,1.5,passed
HUS,25000036,PEC1008,20252,1,4.8,D,1.0,passed
HUS,25000037,HUS1011,20251,1,6.4,C,2.0,passed
HUS,25000037,MAT2400,20251,1,5.0,D+,1.5,passed
HUS,25000037,MAT2501,20251,1,6.0,C,2.0,passed
HUS,25000037,MAT3500,20251,1,6.7,C+,2.5,passed
HUS,25000037,PHI1006,20251,1,9.0,A+,4.0,passed
HUS,25000037,FLF1107,20252,1,6.0,C,2.0,passed
HUS,25000037,HUS1022,20252,1,6.8,C+,2.5,passed
HUS,25000037,MAT2502,20252,1,5.6,C,2.0,passed
HUS,25000037,MAT3557,20252,1,8.1,B+,3.5,passed
HUS,25000037,PEC1008,20252,1,10.0,A+,4.0,passed
HUS,25000038,MAT2400,20251,1,7.0,B,3.0,passed
HUS,25000038,MAT2501,20251,1,4.8,D,1.0,passed
HUS,25000038,MAT3500,20251,1,7.0,B,3.0,passed
HUS,25000038,PHI1006,20251,1,5.1,D+,1.5,passed
HUS,25000038,HUS1011,20252,1,6.4,C,2.0,passed
HUS,25000038,FLF1107,20252,1,5.2,D+,1.5,passed
HUS,25000038,HUS1022,20252,1,6.0,C,2.0,passed
HUS,25000038,MAT2502,20252,1,5.2,D+,1.5,passed
HUS,25000038,MAT3557,20252,1,5.2,D+,1.5,passed
HUS,25000038,PEC1008,20252,1,5.9,C,2.0,passed
HUS,25000039,HUS1011,20251,1,7.4,B,3.0,passed
HUS,25000039,MAT2400,20251,1,7.7,B,3.0,passed
HUS,25000039,MAT3500,20251,1,7.6,B,3.0,passed
HUS,25000039,PHI1006,20251,1,4.7,D,1.0,passed
HUS,25000039,MAT2501,20252,1,8.9,A,3.7,passed
HUS,25000039,FLF1107,20252,1,5.9,C,2.0,passed
HUS,25000039,HUS1022,20252,1,10.0,A+,4.0,passed
HUS,25000039,MAT2505,20252,1,9.3,A+,4.0,passed
HUS,25000039,MAT3557,20252,1,8.5,A,3.7,passed
HUS,25000039,PEC1008,20252,1,7.1,B,3.0,passed
HUS,25000040,HUS1011,20251,1,9.2,A+,4.0,passed
HUS,25000040,MAT2400,20251,1,7.2,B,3.0,passed
HUS,25000040,MAT2501,20251,1,9.5,A+,4.0,passed
HUS,25000040,MAT3500,20251,1,5.6,C,2.0,passed
HUS,25000040,PHI1006,20251,1,7.3,B,3.0,passed
HUS,25000040,FLF1107,20252,1,10.0,A+,4.0,passed
HUS,25000040,HUS1022,20252,1,7.0,B,3.0,passed
HUS,25000040,MAT2502,20252,1,6.9,C+,2.5,passed
HUS,25000040,MAT3557,20252,1,7.3,B,3.0,passed
HUS,25000040,PEC1008,20252,1,8.9,A,3.7,passed
HUS,25000041,HUS1011,20251,1,9.7,A+,4.0,passed
HUS,25000041,MAT2400,20251,1,8.3,B+,3.5,passed
HUS,25000041,MAT2501,20251,1,5.8,C,2.0,passed
HUS,25000041,MAT3500,20251,1,8.5,A,3.7,passed
HUS,25000041,PHI1006,20251,1,6.3,C,2.0,passed
HUS,25000041,FLF1107,20252,1,6.1,C,2.0,passed
HUS,25000041,HUS1022,20252,1,6.8,C+,2.5,passed
HUS,25000041,MAT2502,20252,1,5.4,D+,1.5,passed
HUS,25000041,MAT2505,20252,1,7.6,B,3.0,passed
HUS,25000041,MAT3557,20252,1,8.0,B+,3.5,passed
HUS,25000042,HUS1011,20251,1,10.0,A+,4.0,passed
HUS,25000042,MAT2400,20251,1,7.2,B,3.0,passed
HUS,25000042,MAT2501,20251,1,10.0,A+,4.0,passed
HUS,25000042,MAT3500,20251,1,7.6,B,3.0,passed
HUS,25000042,PHI1006,20251,1,6.2,C,2.0,passed
HUS,25000042,FLF1107,20252,1,6.2,C,2.0,passed
HUS,25000042,MAT2502,20252,1,6.6,C+,2.5,passed
HUS,25000042,MAT2505,20252,1,8.2,B+,3.5,passed
HUS,25000042,MAT3557,20252,1,7.3,B,3.0,passed
HUS,25000042,PEC1008,20252,1,7.9,B,3.0,passed
HUS,25000043,FLF1107,20251,1,,,,exempted
HUS,25000043,HUS1011,20251,1,4.7,D,1.0,passed
HUS,25000043,MAT2400,20251,1,6.8,C+,2.5,passed
HUS,25000043,MAT2501,20251,1,4.6,D,1.0,passed
HUS,25000043,MAT3500,20251,1,4.2,D,1.0,passed
HUS,25000043,PHI1006,20251,1,7.2,B,3.0,passed
HUS,25000043,HUS1023,20252,1,4.5,D,1.0,passed
HUS,25000043,MAT2502,20252,1,6.2,C,2.0,passed
HUS,25000043,MAT2505,20252,1,4.2,D,1.0,passed
HUS,25000043,MAT3557,20252,1,3.3,F,0.0,failed
HUS,25000043,PEC1008,20252,1,5.9,C,2.0,passed
HUS,25000044,HUS1011,20251,1,6.4,C,2.0,passed
HUS,25000044,MAT2400,20251,1,8.6,A,3.7,passed
HUS,25000044,MAT2501,20251,1,7.2,B,3.0,passed
HUS,25000044,MAT3500,20251,1,7.2,B,3.0,passed
HUS,25000044,PHI1006,20251,1,5.0,D+,1.5,passed
HUS,25000044,FLF1107,20252,1,3.5,F,0.0,failed
HUS,25000044,HUS1022,20252,1,8.2,B+,3.5,passed
HUS,25000044,MAT2502,20252,1,7.8,B,3.0,passed
HUS,25000044,MAT2505,20252,1,6.5,C+,2.5,passed
HUS,25000044,MAT3557,20252,1,10.0,A+,4.0,passed
HUS,25000044,PEC1008,20252,1,9.5,A+,4.0,passed
HUS,25000045,HUS1011,20251,1,6.4,C,2.0,passed
HUS,25000045,MAT2400,20251,1,6.7,C+,2.5,passed
HUS,25000045,MAT2501,20251,1,9.2,A+,4.0,passed
HUS,25000045,MAT3500,20251,1,6.9,C+,2.5,passed
HUS,25000045,PHI1006,20251,1,6.1,C,2.0,passed
HUS,25000045,FLF1107,20252,1,8.7,A,3.7,passed
HUS,25000045,HUS1023,20252,1,7.2,B,3.0,passed
HUS,25000045,MAT2502,20252,1,9.2,A+,4.0,passed
HUS,25000045,MAT2505,20252,1,8.1,B+,3.5,passed
HUS,25000045,MAT3557,20252,1,4.5,D,1.0,passed
HUS,25000045,PEC1008,20252,1,6.8,C+,2.5,passed
HUS,25000046,FLF1107,20251,1,,,,exempted
HUS,25000046,HUS1011,20251,1,8.2,B+,3.5,passed
HUS,25000046,MAT2400,20251,1,6.5,C+,2.5,passed
HUS,25000046,MAT2501,20251,1,7.9,B,3.0,passed
HUS,25000046,MAT3500,20251,1,7.7,B,3.0,passed
HUS,25000046,PHI1006,20251,1,6.1,C,2.0,passed
HUS,25000046,HUS1022,20252,1,9.1,A+,4.0,passed
HUS,25000046,MAT2502,20252,1,8.7,A,3.7,passed
HUS,25000046,MAT2505,20252,1,8.7,A,3.7,passed
HUS,25000046,MAT3557,20252,1,7.9,B,3.0,passed
HUS,25000046,PEC1008,20252,1,7.6,B,3.0,passed
HUS,25000047,HUS1011,20251,1,5.2,D+,1.5,passed
HUS,25000047,MAT2400,20251,1,6.4,C,2.0,passed
HUS,25000047,MAT2501,20251,1,5.0,D+,1.5,passed
HUS,25000047,MAT3500,20251,1,6.9,C+,2.5,passed
HUS,25000047,PHI1006,20251,1,4.2,D,1.0,passed
HUS,25000047,FLF1107,20252,1,5.9,C,2.0,passed
HUS,25000047,HUS1023,20252,1,3.5,F,0.0,failed
HUS,25000047,MAT2502,20252,1,5.2,D+,1.5,passed
HUS,25000047,MAT2505,20252,1,6.8,C+,2.5,passed
HUS,25000047,MAT3557,20252,1,4.7,D,1.0,passed
HUS,25000047,PEC1008,20252,1,5.0,D+,1.5,passed
HUS,25000048,HUS1011,20251,1,2.4,F,0.0,failed
HUS,25000048,MAT2400,20251,1,5.3,D+,1.5,passed
HUS,25000048,MAT2501,20251,1,4.7,D,1.0,passed
HUS,25000048,MAT3500,20251,1,5.3,D+,1.5,passed
HUS,25000048,HUS1011,20252,2,3.5,F,0.0,failed
HUS,25000048,PHI1006,20252,1,6.8,C+,2.5,passed
HUS,25000048,FLF1107,20252,1,6.9,C+,2.5,passed
HUS,25000048,HUS1023,20252,1,3.7,F,0.0,failed
HUS,25000048,MAT2502,20252,1,5.5,C,2.0,passed
HUS,25000048,MAT3557,20252,1,5.7,C,2.0,passed
HUS,25000049,HUS1011,20251,1,8.1,B+,3.5,passed
HUS,25000049,MAT2400,20251,1,7.1,B,3.0,passed
HUS,25000049,MAT2501,20251,1,8.7,A,3.7,passed
HUS,25000049,PHI1006,20251,1,6.8,C+,2.5,passed
HUS,25000049,MAT3500,20252,1,8.1,B+,3.5,passed
HUS,25000049,FLF1107,20252,1,4.2,D,1.0,passed
HUS,25000049,HUS1023,20252,1,6.8,C+,2.5,passed
HUS,25000049,MAT2502,20252,1,8.4,B+,3.5,passed
HUS,25000049,MAT3557,20252,1,4.8,D,1.0,passed
HUS,25000050,MAT2400,20251,1,6.8,C+,2.5,passed
HUS,25000050,MAT2501,20251,1,5.5,C,2.0,passed
HUS,25000050,MAT3500,20251,1,5.4,D+,1.5,passed
HUS,25000050,PHI1006,20251,1,7.8,B,3.0,passed
HUS,25000050,HUS1011,20252,1,6.5,C+,2.5,passed
HUS,25000050,FLF1107,20252,1,10.0,A+,4.0,passed
HUS,25000050,HUS1023,20252,1,9.8,A+,4.0,passed
HUS,25000050,MAT2502,20252,1,7.7,B,3.0,passed
HUS,25000050,MAT3557,20252,1,4.7,D,1.0,passed
HUS,25000050,PEC1008,20252,1,7.8,B,3.0,passed
HUS,24000026,HUS1011,20241,1,10.0,A+,4.0,passed
HUS,24000026,MAT2400,20241,1,9.1,A+,4.0,passed
HUS,24000026,MAT2501,20241,1,10.0,A+,4.0,passed
HUS,24000026,MAT3500,20241,1,7.2,B,3.0,passed
HUS,24000026,PHI1006,20241,1,7.4,B,3.0,passed
HUS,24000026,FLF1107,20242,1,7.1,B,3.0,passed
HUS,24000026,HUS1023,20242,1,9.7,A+,4.0,passed
HUS,24000026,MAT2502,20242,1,8.8,A,3.7,passed
HUS,24000026,MAT2505,20242,1,10.0,A+,4.0,passed
HUS,24000026,MAT3557,20242,1,8.4,B+,3.5,passed
HUS,24000026,PEC1008,20242,1,8.7,A,3.7,passed
HUS,24000026,HUS1012,20251,1,10.0,A+,4.0,passed
HUS,24000026,HUS1021,20251,1,9.2,A+,4.0,passed
HUS,24000026,MAT1202,20251,1,9.7,A+,4.0,passed
HUS,24000026,MAT2323,20251,1,10.0,A+,4.0,passed
HUS,24000026,MAT2503,20251,1,7.6,B,3.0,passed
HUS,24000026,MAT3514,20251,1,10.0,A+,4.0,passed
HUS,24000026,PHI1002,20251,1,8.3,B+,3.5,passed
HUS,24000026,HIS1001,20252,1,8.6,A,3.7,passed
HUS,24000026,MAT1205E,20252,1,8.0,B+,3.5,passed
HUS,24000026,MAT2403,20252,1,6.1,C,2.0,passed
HUS,24000026,MAT3507,20252,1,9.9,A+,4.0,passed
HUS,24000026,MAT3550E,20252,1,9.7,A+,4.0,passed
HUS,24000027,HUS1011,20241,1,6.8,C+,2.5,passed
HUS,24000027,MAT2400,20241,1,6.7,C+,2.5,passed
HUS,24000027,MAT2501,20241,1,7.7,B,3.0,passed
HUS,24000027,MAT3500,20241,1,6.4,C,2.0,passed
HUS,24000027,PHI1006,20241,1,6.4,C,2.0,passed
HUS,24000027,FLF1107,20242,1,6.5,C+,2.5,passed
HUS,24000027,HUS1023,20242,1,8.7,A,3.7,passed
HUS,24000027,MAT2502,20242,1,6.0,C,2.0,passed
HUS,24000027,MAT2505,20242,1,8.3,B+,3.5,passed
HUS,24000027,MAT3557,20242,1,5.5,C,2.0,passed
HUS,24000027,PEC1008,20242,1,5.9,C,2.0,passed
HUS,24000027,HUS1012,20251,1,8.1,B+,3.5,passed
HUS,24000027,HUS1021,20251,1,9.2,A+,4.0,passed
HUS,24000027,MAT1202,20251,1,9.4,A+,4.0,passed
HUS,24000027,MAT2323,20251,1,8.5,A,3.7,passed
HUS,24000027,MAT2503,20251,1,6.8,C+,2.5,passed
HUS,24000027,MAT3514,20251,1,10.0,A+,4.0,passed
HUS,24000027,PHI1002,20251,1,7.0,B,3.0,passed
HUS,24000027,HIS1001,20252,1,8.7,A,3.7,passed
HUS,24000027,MAT1205E,20252,1,7.3,B,3.0,passed
HUS,24000027,MAT2403,20252,1,7.5,B,3.0,passed
HUS,24000027,MAT3505,20252,1,6.9,C+,2.5,passed
HUS,24000027,MAT3507,20252,1,5.8,C,2.0,passed
HUS,24000027,MAT3550E,20252,1,8.3,B+,3.5,passed
HUS,24000028,HUS1011,20241,1,10.0,A+,4.0,passed
HUS,24000028,MAT2400,20241,1,8.5,A,3.7,passed
HUS,24000028,MAT2501,20241,1,5.9,C,2.0,passed
HUS,24000028,MAT3500,20241,1,9.5,A+,4.0,passed
HUS,24000028,PHI1006,20241,1,7.9,B,3.0,passed
HUS,24000028,FLF1107,20242,1,7.1,B,3.0,passed
HUS,24000028,HUS1023,20242,1,7.2,B,3.0,passed
HUS,24000028,MAT2505,20242,1,8.9,A,3.7,passed
HUS,24000028,MAT3557,20242,1,7.2,B,3.0,passed
HUS,24000028,PEC1008,20242,1,8.2,B+,3.5,passed
HUS,24000028,MAT2502,20251,1,10.0,A+,4.0,passed
HUS,24000028,HUS1012,20251,1,8.4,B+,3.5,passed
HUS,24000028,HUS1021,20251,1,10.0,A+,4.0,passed
HUS,24000028,MAT1202,20251,1,7.6,B,3.0,passed
HUS,24000028,MAT3514,20251,1,10.0,A+,4.0,passed
HUS,24000028,PHI1002,20251,1,7.9,B,3.0,passed
HUS,24000028,MAT2323,20252,1,9.6,A+,4.0,passed
HUS,24000028,MAT2503,20252,1,10.0,A+,4.0,passed
HUS,24000028,HIS1001,20252,1,9.4,A+,4.0,passed
HUS,24000028,MAT1205E,20252,1,6.8,C+,2.5,passed
HUS,24000028,MAT2403,20252,1,7.8,B,3.0,passed
HUS,24000028,MAT3505,20252,1,6.4,C,2.0,passed
HUS,24000028,MAT3507,20252,1,10.0,A+,4.0,passed
HUS,24000029,FLF1107,20241,1,,,,exempted
HUS,24000029,HUS1011,20241,1,4.7,D,1.0,passed
HUS,24000029,MAT2400,20241,1,6.0,C,2.0,passed
HUS,24000029,MAT2501,20241,1,4.5,D,1.0,passed
HUS,24000029,MAT3500,20241,1,4.4,D,1.0,passed
HUS,24000029,PHI1006,20241,1,5.8,C,2.0,passed
HUS,24000029,MAT2502,20242,1,6.4,C,2.0,passed
HUS,24000029,MAT2505,20242,1,2.6,F,0.0,failed
HUS,24000029,MAT3557,20242,1,6.5,C+,2.5,passed
HUS,24000029,PEC1008,20242,1,5.8,C,2.0,passed
HUS,24000029,MAT2505,20251,2,6.6,C+,2.5,passed
HUS,24000029,HUS1023,20251,1,7.2,B,3.0,passed
HUS,24000029,HIS1056,20251,1,4.9,D,1.0,passed
HUS,24000029,HUS1012,20251,1,6.2,C,2.0,passed
HUS,24000029,MAT2323,20251,1,3.2,F,0.0,failed
HUS,24000029,MAT2503,20251,1,5.4,D+,1.5,passed
HUS,24000029,PHI1002,20251,1,5.5,C,2.0,passed
HUS,24000029,MAT2323,20252,2,4.3,D,1.0,passed
HUS,24000029,MAT1202,20252,1,7.0,B,3.0,passed
HUS,24000029,MAT3514,20252,1,5.5,C,2.0,passed
HUS,24000029,HIS1001,20252,1,6.8,C+,2.5,passed
HUS,24000029,MAT1205E,20252,1,3.4,F,0.0,failed
HUS,24000029,MAT2403,20252,1,4.0,D,1.0,passed
HUS,24000029,MAT3505,20252,1,4.0,D,1.0,passed
HUS,24000030,HUS1011,20241,1,8.4,B+,3.5,passed
HUS,24000030,MAT2400,20241,1,8.0,B+,3.5,passed
HUS,24000030,MAT2501,20241,1,8.8,A,3.7,passed
HUS,24000030,MAT3500,20241,1,6.2,C,2.0,passed
HUS,24000030,PHI1006,20241,1,10.0,A+,4.0,passed
HUS,24000030,FLF1107,20242,1,8.0,B+,3.5,passed
HUS,24000030,HUS1022,20242,1,9.5,A+,4.0,passed
HUS,24000030,MAT2502,20242,1,8.2,B+,3.5,passed
HUS,24000030,MAT2505,20242,1,8.7,A,3.7,passed
HUS,24000030,MAT3557,20242,1,8.5,A,3.7,passed
HUS,24000030,PEC1008,20242,1,9.3,A+,4.0,passed
HUS,24000030,HIS1056,20251,1,10.0,A+,4.0,passed
HUS,24000030,HUS1012,20251,1,6.3,C,2.0,passed
HUS,24000030,MAT1202,20251,1,8.7,A,3.7,passed
HUS,24000030,MAT2323,20251,1,6.0,C,2.0,passed
HUS,24000030,MAT2503,20251,1,9.2,A+,4.0,passed
HUS,24000030,MAT3514,20251,1,10.0,A+,4.0,passed
HUS,24000030,PHI1002,20251,1,9.6,A+,4.0,passed
HUS,24000030,HIS1001,20252,1,10.0,A+,4.0,passed
HUS,24000030,MAT1205E,20252,1,7.7,B,3.0,passed
HUS,24000030,MAT2403,20252,1,7.8,B,3.0,passed
HUS,24000030,MAT3505,20252,1,8.6,A,3.7,passed
HUS,24000030,MAT3507,20252,1,7.1,B,3.0,passed
HUS,24000030,MAT3550E,20252,1,9.2,A+,4.0,passed
HUS,24000031,HUS1011,20241,1,6.1,C,2.0,passed
HUS,24000031,MAT2400,20241,1,7.2,B,3.0,passed
HUS,24000031,MAT2501,20241,1,7.7,B,3.0,passed
HUS,24000031,MAT3500,20241,1,7.3,B,3.0,passed
HUS,24000031,PHI1006,20241,1,8.0,B+,3.5,passed
HUS,24000031,FLF1107,20242,1,8.7,A,3.7,passed
HUS,24000031,HUS1023,20242,1,7.2,B,3.0,passed
HUS,24000031,MAT2502,20242,1,7.5,B,3.0,passed
HUS,24000031,MAT2505,20242,1,7.3,B,3.0,passed
HUS,24000031,MAT3557,20242,1,5.8,C,2.0,passed
HUS,24000031,PEC1008,20242,1,6.5,C+,2.5,passed
HUS,24000031,HUS1012,20251,1,7.9,B,3.0,passed
HUS,24000031,HUS1021,20251,1,10.0,A+,4.0,passed
HUS,24000031,MAT1202,20251,1,5.7,C,2.0,passed
HUS,24000031,MAT2503,20251,1,6.3,C,2.0,passed
HUS,24000031,PHI1002,20251,1,7.5,B,3.0,passed
HUS,24000031,MAT2323,20252,1,7.1,B,3.0,passed
HUS,24000031,MAT3514,20252,1,7.4,B,3.0,passed
HUS,24000031,HIS1001,20252,1,7.8,B,3.0,passed
HUS,24000031,MAT1205E,20252,1,8.2,B+,3.5,passed
HUS,24000031,MAT2403,20252,1,7.9,B,3.0,passed
HUS,24000031,MAT3505,20252,1,6.7,C+,2.5,passed
HUS,24000031,MAT3550E,20252,1,3.8,F,0.0,failed
HUS,24000032,HUS1011,20241,1,5.0,D+,1.5,passed
HUS,24000032,MAT2400,20241,1,5.7,C,2.0,passed
HUS,24000032,MAT2501,20241,1,4.1,D,1.0,passed
HUS,24000032,MAT3500,20241,1,5.0,D+,1.5,passed
HUS,24000032,PHI1006,20241,1,4.1,D,1.0,passed
HUS,24000032,FLF1107,20242,1,8.4,B+,3.5,passed
HUS,24000032,HUS1023,20242,1,6.6,C+,2.5,passed
HUS,24000032,MAT2502,20242,1,7.1,B,3.0,passed
HUS,24000032,MAT2505,20242,1,5.6,C,2.0,passed
HUS,24000032,PEC1008,20242,1,4.5,D,1.0,passed
HUS,24000032,MAT3557,20251,1,6.7,C+,2.5,passed
HUS,24000032,HIS1056,20251,1,6.1,C,2.0,passed
HUS,24000032,HUS1012,20251,1,6.8,C+,2.5,passed
HUS,24000032,MAT1202,20251,1,3.0,F,0.0,failed
HUS,24000032,MAT2503,20251,1,4.8,D,1.0,passed
HUS,24000032,MAT3514,20251,1,4.3,D,1.0,passed
HUS,24000032,PHI1002,20251,1,4.1,D,1.0,passed
HUS,24000032,MAT1202,20252,2,5.7,C,2.0,passed
HUS,24000032,MAT2323,20252,1,6.0,C,2.0,passed
HUS,24000032,HIS1001,20252,1,7.0,B,3.0,passed
HUS,24000032,MAT1205E,20252,1,7.6,B,3.0,passed
HUS,24000032,MAT2403,20252,1,5.8,C,2.0,passed
HUS,24000032,MAT3505,20252,1,5.1,D+,1.5,passed
HUS,24000032,MAT3507,20252,1,9.0,A+,4.0,passed
HUS,24000033,HUS1011,20241,1,10.0,A+,4.0,passed
HUS,24000033,MAT2400,20241,1,6.0,C,2.0,passed
HUS,24000033,MAT2501,20241,1,6.3,C,2.0,passed
HUS,24000033,MAT3500,20241,1,6.6,C+,2.5,passed
HUS,24000033,PHI1006,20241,1,6.7,C+,2.5,passed
HUS,24000033,HUS1022,20242,1,8.5,A,3.7,passed
HUS,24000033,MAT2502,20242,1,5.3,D+,1.5,passed
HUS,24000033,MAT2505,20242,1,10.0,A+,4.0,passed
HUS,24000033,MAT3557,20242,1,6.5,C+,2.5,passed
HUS,24000033,PEC1008,20242,1,8.0,B+,3.5,passed
HUS,24000033,FLF1107,20251,1,8.6,A,3.7,passed
HUS,24000033,HUS1012,20251,1,9.9,A+,4.0,passed
HUS,24000033,HUS1024,20251,1,8.4,B+,3.5,passed
HUS,24000033,MAT1202,20251,1,10.0,A+,4.0,passed
HUS,24000033,MAT2323,20251,1,4.1,D,1.0,passed
HUS,24000033,MAT2503,20251,1,7.2,B,3.0,passed
HUS,24000033,MAT3514,20252,1,8.6,A,3.7,passed
HUS,24000033,PHI1002,20252,1,8.9,A,3.7,passed
HUS,24000033,HIS1001,20252,1,8.5,A,3.7,passed
HUS,24000033,MAT1205E,20252,1,7.4,B,3.0,passed
HUS,24000033,MAT2403,20252,1,7.5,B,3.0,passed
HUS,24000033,MAT3505,20252,1,7.1,B,3.0,passed
HUS,24000033,MAT3507,20252,1,7.9,B,3.0,passed
HUS,24000034,HUS1011,20241,1,5.2,D+,1.5,passed
HUS,24000034,MAT2501,20241,1,6.5,C+,2.5,passed
HUS,24000034,MAT3500,20241,1,5.9,C,2.0,passed
HUS,24000034,PHI1006,20241,1,5.9,C,2.0,passed
HUS,24000034,MAT2400,20242,1,5.3,D+,1.5,passed
HUS,24000034,FLF1107,20242,1,3.7,F,0.0,failed
HUS,24000034,HUS1022,20242,1,8.4,B+,3.5,passed
HUS,24000034,MAT2502,20242,1,6.9,C+,2.5,passed
HUS,24000034,MAT2505,20242,1,6.4,C,2.0,passed
HUS,24000034,MAT3557,20242,1,6.9,C+,2.5,passed
HUS,24000034,FLF1107,20251,2,6.6,C+,2.5,passed
HUS,24000034,PEC1008,20251,1,5.7,C,2.0,passed
HUS,24000034,HUS1012,20251,1,6.3,C,2.0,passed
HUS,24000034,HUS1024,20251,1,5.8,C,2.0,passed
HUS,24000034,MAT1202,20251,1,6.2,C,2.0,passed
HUS,24000034,MAT2323,20251,1,4.6,D,1.0,passed
HUS,24000034,MAT2503,20251,1,5.6,C,2.0,passed
HUS,24000034,PHI1002,20251,1,8.9,A,3.7,passed
HUS,24000034,MAT3514,20252,1,3.6,F,0.0,failed
HUS,24000034,HIS1001,20252,1,7.6,B,3.0,passed
HUS,24000034,MAT1205E,20252,1,4.2,D,1.0,passed
HUS,24000034,MAT2403,20252,1,6.2,C,2.0,passed
HUS,24000034,MAT3505,20252,1,6.8,C+,2.5,passed
HUS,24000034,MAT3507,20252,1,6.3,C,2.0,passed
HUS,24000034,MAT3550E,20252,1,8.4,B+,3.5,passed
HUS,24000035,HUS1011,20241,1,9.7,A+,4.0,passed
HUS,24000035,MAT2400,20241,1,5.9,C,2.0,passed
HUS,24000035,MAT2501,20241,1,4.8,D,1.0,passed
HUS,24000035,MAT3500,20241,1,7.1,B,3.0,passed
HUS,24000035,PHI1006,20242,1,6.9,C+,2.5,passed
HUS,24000035,FLF1107,20242,1,8.0,B+,3.5,passed
HUS,24000035,HUS1023,20242,1,6.4,C,2.0,passed
HUS,24000035,MAT2502,20242,1,6.9,C+,2.5,passed
HUS,24000035,MAT2505,20242,1,8.1,B+,3.5,passed
HUS,24000035,MAT3557,20242,1,8.5,A,3.7,passed
HUS,24000035,PEC1008,20251,1,10.0,A+,4.0,passed
HUS,24000035,HUS1012,20251,1,6.6,C+,2.5,passed
HUS,24000035,HUS1021,20251,1,8.4,B+,3.5,passed
HUS,24000035,MAT1202,20251,1,10.0,A+,4.0,passed
HUS,24000035,MAT2323,20251,1,6.3,C,2.0,passed
HUS,24000035,MAT2503,20251,1,8.9,A,3.7,passed
HUS,24000035,MAT3514,20251,1,9.0,A+,4.0,passed
HUS,24000035,PHI1002,20251,1,6.1,C,2.0,passed
HUS,24000035,HIS1001,20252,1,7.1,B,3.0,passed
HUS,24000035,MAT1205E,20252,1,9.4,A+,4.0,passed
HUS,24000035,MAT2403,20252,1,9.4,A+,4.0,passed
HUS,24000035,MAT3505,20252,1,7.3,B,3.0,passed
HUS,24000035,MAT3507,20252,1,9.3,A+,4.0,passed
HUS,24000035,MAT3550E,20252,1,7.7,B,3.0,passed
HUS,24000036,MAT2501,20241,1,10.0,A+,4.0,passed
HUS,24000036,MAT3500,20241,1,10.0,A+,4.0,passed
HUS,24000036,PHI1006,20241,1,10.0,A+,4.0,passed
HUS,24000036,HUS1011,20242,1,6.8,C+,2.5,passed
HUS,24000036,MAT2400,20242,1,10.0,A+,4.0,passed
HUS,24000036,FLF1107,20242,1,9.3,A+,4.0,passed
HUS,24000036,HUS1022,20242,1,8.9,A,3.7,passed
HUS,24000036,MAT2502,20242,1,9.8,A+,4.0,passed
HUS,24000036,MAT3557,20242,1,8.5,A,3.7,passed
HUS,24000036,MAT2505,20251,1,7.7,B,3.0,passed
HUS,24000036,PEC1008,20251,1,9.5,A+,4.0,passed
HUS,24000036,HIS1056,20251,1,10.0,A+,4.0,passed
HUS,24000036,HUS1012,20251,1,10.0,A+,4.0,passed
HUS,24000036,MAT2503,20251,1,10.0,A+,4.0,passed
HUS,24000036,PHI1002,20251,1,10.0,A+,4.0,passed
HUS,24000036,MAT1202,20252,1,7.3,B,3.0,passed
HUS,24000036,MAT2323,20252,1,9.9,A+,4.0,passed
HUS,24000036,MAT3514,20252,1,8.5,A,3.7,passed
HUS,24000036,HIS1001,20252,1,10.0,A+,4.0,passed
HUS,24000036,MAT1205E,20252,1,8.5,A,3.7,passed
HUS,24000036,MAT2403,20252,1,10.0,A+,4.0,passed
HUS,24000036,MAT3505,20252,1,8.1,B+,3.5,passed
HUS,24000037,HUS1011,20241,1,10.0,A+,4.0,passed
HUS,24000037,MAT2400,20241,1,7.6,B,3.0,passed
HUS,24000037,MAT2501,20241,1,9.6,A+,4.0,passed
HUS,24000037,MAT3500,20241,1,9.9,A+,4.0,passed
HUS,24000037,PHI1006,20241,1,7.5,B,3.0,passed
HUS,24000037,FLF1107,20242,1,8.1,B+,3.5,passed
HUS,24000037,HUS1022,20242,1,9.9,A+,4.0,passed
HUS,24000037,MAT2502,20242,1,6.7,C+,2.5,passed
HUS,24000037,MAT2505,20242,1,10.0,A+,4.0,passed
HUS,24000037,MAT3557,20242,1,10.0,A+,4.0,passed
HUS,24000037,PEC1008,20251,1,6.8,C+,2.5,passed
HUS,24000037,HUS1012,20251,1,10.0,A+,4.0,passed
HUS,24000037,HUS1024,20251,1,8.6,A,3.7,passed
HUS,24000037,MAT1202,20251,1,9.0,A+,4.0,passed
HUS,24000037,MAT2323,20251,1,6.5,C+,2.5,passed
HUS,24000037,MAT2503,20251,1,8.6,A,3.7,passed
HUS,24000037,PHI1002,20251,1,5.1,D+,1.5,passed
HUS,24000037,MAT3514,20252,1,10.0,A+,4.0,passed
HUS,24000037,HIS1001,20252,1,6.8,C+,2.5,passed
HUS,24000037,MAT1205E,20252,1,8.1,B+,3.5,passed
HUS,24000037,MAT2403,20252,1,8.7,A,3.7,passed
HUS,24000037,MAT3505,20252,1,10.0,A+,4.0,passed
HUS,24000037,MAT3507,20252,1,7.5,B,3.0,passed
HUS,24000037,MAT3550E,20252,1,8.3,B+,3.5,passed
HUS,24000038,HUS1011,20241,1,4.8,D,1.0,passed
HUS,24000038,MAT2400,20241,1,8.7,A,3.7,passed
HUS,24000038,MAT2501,20241,1,6.3,C,2.0,passed
HUS,24000038,MAT3500,20241,1,7.3,B,3.0,passed
HUS,24000038,PHI1006,20241,1,8.6,A,3.7,passed
HUS,24000038,FLF1107,20242,1,5.4,D+,1.5,passed
HUS,24000038,HUS1023,20242,1,6.0,C,2.0,passed
HUS,24000038,MAT2502,20242,1,6.6,C+,2.5,passed
HUS,24000038,MAT2505,20242,1,6.5,C+,2.5,passed
HUS,24000038,MAT3557,20242,1,4.8,D,1.0,passed
HUS,24000038,PEC1008,20242,1,9.0,A+,4.0,passed
HUS,24000038,HIS1056,20251,1,6.8,C+,2.5,passed
HUS,24000038,HUS1012,20251,1,4.8,D,1.0,passed
HUS,24000038,MAT1202,20251,1,4.0,D,1.0,passed
HUS,24000038,MAT2323,20251,1,6.9,C+,2.5,passed
HUS,24000038,MAT2503,20251,1,7.9,B,3.0,passed
HUS,24000038,MAT3514,20251,1,6.1,C,2.0,passed
HUS,24000038,PHI1002,20251,1,7.8,B,3.0,passed
HUS,24000038,HIS1001,20252,1,7.0,B,3.0,passed
HUS,24000038,MAT1205E,20252,1,5.9,C,2.0,passed
HUS,24000038,MAT2403,20252,1,6.2,C,2.0,passed
HUS,24000038,MAT3505,20252,1,5.9,C,2.0,passed
HUS,24000038,MAT3507,20252,1,6.6,C+,2.5,passed
HUS,24000038,MAT3550E,20252,1,5.1,D+,1.5,passed
HUS,24000039,HUS1011,20241,1,6.2,C,2.0,passed
HUS,24000039,MAT2400,20241,1,4.7,D,1.0,passed
HUS,24000039,MAT2501,20241,1,4.5,D,1.0,passed
HUS,24000039,MAT3500,20241,1,5.1,D+,1.5,passed
HUS,24000039,PHI1006,20241,1,8.2,B+,3.5,passed
HUS,24000039,FLF1107,20242,1,4.1,D,1.0,passed
HUS,24000039,HUS1023,20242,1,6.0,C,2.0,passed
HUS,24000039,MAT2502,20242,1,2.8,F,0.0,failed
HUS,24000039,MAT3557,20242,1,6.6,C+,2.5,passed
HUS,24000039,PEC1008,20242,1,7.2,B,3.0,passed
HUS,24000039,MAT2502,20251,2,4.0,D,1.0,passed
HUS,24000039,MAT2505,20251,1,3.9,F,0.0,failed
HUS,24000039,HIS1056,20251,1,5.5,C,2.0,passed
HUS,24000039,HUS1012,20251,1,6.7,C+,2.5,passed
HUS,24000039,MAT2323,20252,1,4.4,D,1.0,passed
HUS,24000039,MAT2503,20252,1,3.5,F,0.0,failed
HUS,24000039,PHI1002,20252,1,5.9,C,2.0,passed
HUS,24000039,HIS1001,20252,1,6.8,C+,2.5,passed
HUS,24000039,MAT1205E,20252,1,5.5,C,2.0,passed
HUS,24000039,MAT2403,20252,1,5.1,D+,1.5,passed
HUS,24000040,FLF1107,20241,1,,,,exempted
HUS,24000040,MAT2400,20241,1,4.1,D,1.0,passed
HUS,24000040,MAT3500,20241,1,6.6,C+,2.5,passed
HUS,24000040,HUS1011,20242,1,5.4,D+,1.5,passed
HUS,24000040,MAT2501,20242,1,7.2,B,3.0,passed
HUS,24000040,PHI1006,20242,1,7.2,B,3.0,passed
HUS,24000040,HUS1023,20242,1,4.8,D,1.0,passed
HUS,24000040,MAT3557,20242,1,4.3,D,1.0,passed
HUS,24000040,MAT2502,20251,1,6.6,C+,2.5,passed
HUS,24000040,MAT2505,20251,1,7.1,B,3.0,passed
HUS,24000040,PEC1008,20251,1,5.7,C,2.0,passed
HUS,24000040,HUS1012,20251,1,0.9,F,0.0,failed
HUS,24000040,HUS1024,20251,1,5.7,C,2.0,passed
HUS,24000040,MAT1202,20252,1,7.3,B,3.0,passed
HUS,24000040,MAT2323,20252,1,5.6,C,2.0,passed
HUS,24000040,MAT2503,20252,1,7.4,B,3.0,passed
HUS,24000040,MAT3514,20252,1,7.8,B,3.0,passed
HUS,24000040,PHI1002,20252,1,2.8,F,0.0,failed
HUS,24000040,HIS1001,20252,1,5.9,C,2.0,passed
HUS,24000040,MAT1205E,20252,1,4.7,D,1.0,passed
HUS,24000041,HUS1011,20241,1,6.1,C,2.0,passed
HUS,24000041,MAT2400,20241,1,7.7,B,3.0,passed
HUS,24000041,MAT2501,20241,1,9.2,A+,4.0,passed
HUS,24000041,MAT3500,20241,1,8.4,B+,3.5,passed
HUS,24000041,PHI1006,20241,1,9.1,A+,4.0,passed
HUS,24000041,FLF1107,20242,1,8.4,B+,3.5,passed
HUS,24000041,HUS1023,20242,1,7.6,B,3.0,passed
HUS,24000041,MAT2502,20242,1,10.0,A+,4.0,passed
HUS,24000041,MAT2505,20242,1,6.6,C+,2.5,passed
HUS,24000041,MAT3557,20242,1,8.9,A,3.7,passed
HUS,24000041,PEC1008,20242,1,6.8,C+,2.5,passed
HUS,24000041,HIS1056,20251,1,8.6,A,3.7,passed
HUS,24000041,HUS1012,20251,1,9.5,A+,4.0,passed
HUS,24000041,MAT1202,20251,1,7.3,B,3.0,passed
HUS,24000041,MAT2323,20251,1,9.8,A+,4.0,passed
HUS,24000041,MAT2503,20251,1,10.0,A+,4.0,passed
HUS,24000041,MAT3514,20251,1,7.1,B,3.0,passed
HUS,24000041,PHI1002,20251,1,8.7,A,3.7,passed
HUS,24000041,MAT1205E,20252,1,8.1,B+,3.5,passed
HUS,24000041,MAT2403,20252,1,8.9,A,3.7,passed
HUS,24000041,MAT3505,20252,1,8.3,B+,3.5,passed
HUS,24000041,MAT3507,20252,1,8.0,B+,3.5,passed
HUS,24000041,MAT3550E,20252,1,5.7,C,2.0,passed
HUS,24000042,HUS1011,20241,1,6.2,C,2.0,passed
HUS,24000042,MAT2400,20241,1,7.9,B,3.0,passed
HUS,24000042,MAT2501,20241,1,9.3,A+,4.0,passed
HUS,24000042,MAT3500,20241,1,5.1,D+,1.5,passed
HUS,24000042,PHI1006,20241,1,6.8,C+,2.5,passed
HUS,24000042,FLF1107,20242,1,3.7,F,0.0,failed
HUS,24000042,HUS1023,20242,1,7.7,B,3.0,passed
HUS,24000042,MAT2502,20242,1,9.4,A+,4.0,passed
HUS,24000042,MAT2505,20242,1,7.2,B,3.0,passed
HUS,24000042,MAT3557,20242,1,5.9,C,2.0,passed
HUS,24000042,PEC1008,20242,1,7.6,B,3.0,passed
HUS,24000042,FLF1107,20251,2,8.0,B+,3.5,passed
HUS,24000042,HUS1012,20251,1,7.6,B,3.0,passed
HUS,24000042,HUS1021,20251,1,6.8,C+,2.5,passed
HUS,24000042,MAT1202,20251,1,7.4,B,3.0,passed
HUS,24000042,MAT2323,20251,1,6.9,C+,2.5,passed
HUS,24000042,MAT2503,20251,1,6.7,C+,2.5,passed
HUS,24000042,MAT3514,20251,1,7.6,B,3.0,passed
HUS,24000042,PHI1002,20252,1,8.4,B+,3.5,passed
HUS,24000042,HIS1001,20252,1,9.0,A+,4.0,passed
HUS,24000042,MAT1205E,20252,1,6.6,C+,2.5,passed
HUS,24000042,MAT2403,20252,1,7.0,B,3.0,passed
HUS,24000042,MAT3505,20252,1,4.0,D,1.0,passed
HUS,24000042,MAT3507,20252,1,8.3,B+,3.5,passed
HUS,24000042,MAT3550E,20252,1,7.8,B,3.0,passed
HUS,24000043,HUS1011,20241,1,9.6,A+,4.0,passed
HUS,24000043,MAT2400,20241,1,8.8,A,3.7,passed
HUS,24000043,MAT2501,20241,1,8.3,B+,3.5,passed
HUS,24000043,MAT3500,20241,1,9.9,A+,4.0,passed
HUS,24000043,PHI1006,20241,1,10.0,A+,4.0,passed
HUS,24000043,FLF1107,20242,1,9.0,A+,4.0,passed
HUS,24000043,HUS1023,20242,1,9.5,A+,4.0,passed
HUS,24000043,MAT2502,20242,1,9.5,A+,4.0,passed
HUS,24000043,MAT2505,20242,1,10.0,A+,4.0,passed
HUS,24000043,MAT3557,20242,1,8.2,B+,3.5,passed
HUS,24000043,PEC1008,20242,1,10.0,A+,4.0,passed
HUS,24000043,HIS1056,20251,1,10.0,A+,4.0,passed
HUS,24000043,HUS1012,20251,1,10.0,A+,4.0,passed
HUS,24000043,MAT1202,20251,1,7.2,B,3.0,passed
HUS,24000043,MAT2323,20251,1,8.0,B+,3.5,passed
HUS,24000043,MAT2503,20251,1,10.0,A+,4.0,passed
HUS,24000043,MAT3514,20251,1,9.6,A+,4.0,passed
HUS,24000043,PHI1002,20251,1,10.0,A+,4.0,passed
HUS,24000043,HIS1001,20252,1,9.3,A+,4.0,passed
HUS,24000043,MAT1205E,20252,1,6.1,C,2.0,passed
HUS,24000043,MAT2403,20252,1,10.0,A+,4.0,passed
HUS,24000043,MAT3505,20252,1,10.0,A+,4.0,passed
HUS,24000043,MAT3507,20252,1,8.5,A,3.7,passed
HUS,24000043,MAT3550E,20252,1,7.2,B,3.0,passed
HUS,24000044,HUS1011,20241,1,3.7,F,0.0,failed
HUS,24000044,MAT2400,20241,1,5.7,C,2.0,passed
HUS,24000044,MAT2501,20241,1,7.4,B,3.0,passed
HUS,24000044,MAT3500,20241,1,5.0,D+,1.5,passed
HUS,24000044,PHI1006,20241,1,6.5,C+,2.5,passed
HUS,24000044,HUS1011,20242,2,5.3,D+,1.5,passed
HUS,24000044,FLF1107,20242,1,4.5,D,1.0,passed
HUS,24000044,HUS1022,20242,1,2.6,F,0.0,failed
HUS,24000044,MAT2502,20242,1,6.8,C+,2.5,passed
HUS,24000044,MAT3557,20242,1,4.4,D,1.0,passed
HUS,24000044,PEC1008,20242,1,1.6,F,0.0,failed
HUS,24000044,HUS1022,20251,2,4.6,D,1.0,passed
HUS,24000044,PEC1008,20251,2,2.6,F,0.0,failed
HUS,24000044,MAT2505,20251,1,7.0,B,3.0,passed
HUS,24000044,HUS1012,20251,1,7.6,B,3.0,passed
HUS,24000044,HUS1021,20251,1,7.1,B,3.0,passed
HUS,24000044,MAT2323,20251,1,4.8,D,1.0,passed
HUS,24000044,MAT2503,20251,1,6.6,C+,2.5,passed
HUS,24000044,PHI1002,20251,1,6.2,C,2.0,passed
HUS,24000044,PEC1008,20252,3,2.8,F,0.0,failed
HUS,24000044,MAT1202,20252,1,5.5,C,2.0,passed
HUS,24000044,MAT3514,20252,1,7.1,B,3.0,passed
HUS,24000044,HIS1001,20252,1,5.4,D+,1.5,passed
HUS,24000044,MAT1205E,20252,1,4.0,D,1.0,passed
HUS,24000044,MAT2403,20252,1,9.1,A+,4.0,passed
HUS,24000044,MAT3505,20252,1,5.5,C,2.0,passed
HUS,24000045,HUS1011,20241,1,8.5,A,3.7,passed
HUS,24000045,MAT2501,20241,1,10.0,A+,4.0,passed
HUS,24000045,MAT3500,20241,1,8.2,B+,3.5,passed
HUS,24000045,PHI1006,20241,1,8.9,A,3.7,passed
HUS,24000045,MAT2400,20242,1,9.2,A+,4.0,passed
HUS,24000045,FLF1107,20242,1,9.1,A+,4.0,passed
HUS,24000045,HUS1022,20242,1,9.3,A+,4.0,passed
HUS,24000045,MAT2502,20242,1,6.4,C,2.0,passed
HUS,24000045,MAT2505,20242,1,9.7,A+,4.0,passed
HUS,24000045,MAT3557,20242,1,10.0,A+,4.0,passed
HUS,24000045,PEC1008,20251,1,7.2,B,3.0,passed
HUS,24000045,HUS1012,20251,1,7.8,B,3.0,passed
HUS,24000045,HUS1024,20251,1,9.0,A+,4.0,passed
HUS,24000045,MAT1202,20251,1,8.8,A,3.7,passed
HUS,24000045,MAT2323,20251,1,7.8,B,3.0,passed
HUS,24000045,MAT2503,20251,1,8.0,B+,3.5,passed
HUS,24000045,MAT3514,20251,1,7.6,B,3.0,passed
HUS,24000045,PHI1002,20251,1,9.0,A+,4.0,passed
HUS,24000045,MAT1205E,20252,1,6.5,C+,2.5,passed
HUS,24000045,MAT2403,20252,1,10.0,A+,4.0,passed
HUS,24000045,MAT3505,20252,1,10.0,A+,4.0,passed
HUS,24000045,MAT3507,20252,1,9.0,A+,4.0,passed
HUS,24000045,MAT3550E,20252,1,8.6,A,3.7,passed
HUS,24000046,HUS1011,20241,1,6.3,C,2.0,passed
HUS,24000046,MAT2400,20241,1,3.4,F,0.0,failed
HUS,24000046,MAT2501,20241,1,7.0,B,3.0,passed
HUS,24000046,MAT3500,20241,1,6.0,C,2.0,passed
HUS,24000046,PHI1006,20241,1,3.9,F,0.0,failed
HUS,24000046,PHI1006,20242,2,5.8,C,2.0,passed
HUS,24000046,FLF1107,20242,1,8.6,A,3.7,passed
HUS,24000046,HUS1022,20242,1,6.2,C,2.0,passed
HUS,24000046,MAT2502,20242,1,7.3,B,3.0,passed
HUS,24000046,MAT2505,20242,1,6.6,C+,2.5,passed
HUS,24000046,MAT3557,20242,1,7.0,B,3.0,passed
HUS,24000046,PEC1008,20251,1,4.7,D,1.0,passed
HUS,24000046,HUS1012,20251,1,5.0,D+,1.5,passed
HUS,24000046,HUS1024,20251,1,6.9,C+,2.5,passed
HUS,24000046,MAT1202,20251,1,5.9,C,2.0,passed
HUS,24000046,MAT2503,20251,1,6.6,C+,2.5,passed
HUS,24000046,MAT3514,20251,1,6.0,C,2.0,passed
HUS,24000046,MAT2400,20252,2,6.8,C+,2.5,passed
HUS,24000046,MAT2323,20252,1,7.0,B,3.0,passed
HUS,24000046,PHI1002,20252,1,7.2,B,3.0,passed
HUS,24000046,HIS1001,20252,1,5.4,D+,1.5,passed
HUS,24000046,MAT1205E,20252,1,6.8,C+,2.5,passed
HUS,24000046,MAT3505,20252,1,8.0,B+,3.5,passed
HUS,24000046,MAT3550E,20252,1,7.4,B,3.0,passed
HUS,24000047,HUS1011,20241,1,5.7,C,2.0,passed
HUS,24000047,MAT2400,20241,1,8.2,B+,3.5,passed
HUS,24000047,MAT2501,20241,1,9.5,A+,4.0,passed
HUS,24000047,MAT3500,20241,1,6.0,C,2.0,passed
HUS,24000047,PHI1006,20241,1,7.5,B,3.0,passed
HUS,24000047,FLF1107,20242,1,6.1,C,2.0,passed
HUS,24000047,HUS1022,20242,1,7.6,B,3.0,passed
HUS,24000047,MAT2502,20242,1,7.8,B,3.0,passed
HUS,24000047,MAT3557,20242,1,6.1,C,2.0,passed
HUS,24000047,PEC1008,20242,1,8.5,A,3.7,passed
HUS,24000047,MAT2505,20251,1,4.8,D,1.0,passed
HUS,24000047,HUS1021,20251,1,7.8,B,3.0,passed
HUS,24000047,MAT2323,20251,1,6.5,C+,2.5,passed
HUS,24000047,MAT2503,20251,1,8.3,B+,3.5,passed
HUS,24000047,PHI1002,20251,1,6.4,C,2.0,passed
HUS,24000047,HUS1012,20252,1,9.3,A+,4.0,passed
HUS,24000047,MAT1202,20252,1,6.5,C+,2.5,passed
HUS,24000047,MAT3514,20252,1,5.2,D+,1.5,passed
HUS,24000047,HIS1001,20252,1,5.4,D+,1.5,passed
HUS,24000047,MAT1205E,20252,1,6.3,C,2.0,passed
HUS,24000047,MAT2403,20252,1,5.5,C,2.0,passed
HUS,24000047,MAT3505,20252,1,6.1,C,2.0,passed
HUS,24000047,MAT3507,20252,1,1.4,F,0.0,failed
HUS,24000048,HUS1011,20241,1,8.3,B+,3.5,passed
HUS,24000048,MAT2400,20241,1,7.2,B,3.0,passed
HUS,24000048,MAT2501,20241,1,8.4,B+,3.5,passed
HUS,24000048,MAT3500,20241,1,6.8,C+,2.5,passed
HUS,24000048,PHI1006,20242,1,6.2,C,2.0,passed
HUS,24000048,FLF1107,20242,1,8.0,B+,3.5,passed
HUS,24000048,HUS1023,20242,1,8.6,A,3.7,passed
HUS,24000048,MAT2502,20242,1,8.6,A,3.7,passed
HUS,24000048,MAT2505,20242,1,10.0,A+,4.0,passed
HUS,24000048,MAT3557,20242,1,8.3,B+,3.5,passed
HUS,24000048,PEC1008,20251,1,5.7,C,2.0,passed
HUS,24000048,HUS1012,20251,1,7.9,B,3.0,passed
HUS,24000048,HUS1021,20251,1,9.0,A+,4.0,passed
HUS,24000048,MAT1202,20251,1,5.9,C,2.0,passed
HUS,24000048,MAT2323,20251,1,6.2,C,2.0,passed
HUS,24000048,MAT2503,20251,1,7.2,B,3.0,passed
HUS,24000048,MAT3514,20251,1,6.2,C,2.0,passed
HUS,24000048,PHI1002,20251,1,6.7,C+,2.5,passed
HUS,24000048,HIS1001,20252,1,6.1,C,2.0,passed
HUS,24000048,MAT1205E,20252,1,6.9,C+,2.5,passed
HUS,24000048,MAT2403,20252,1,9.5,A+,4.0,passed
HUS,24000048,MAT3505,20252,1,10.0,A+,4.0,passed
HUS,24000048,MAT3507,20252,1,8.1,B+,3.5,passed
HUS,24000048,MAT3550E,20252,1,6.9,C+,2.5,passed
HUS,24000049,HUS1011,20241,1,7.3,B,3.0,passed
HUS,24000049,MAT2400,20241,1,5.8,C,2.0,passed
HUS,24000049,MAT2501,20241,1,5.1,D+,1.5,passed
HUS,24000049,PHI1006,20241,1,6.7,C+,2.5,passed
HUS,24000049,MAT3500,20242,1,5.6,C,2.0,passed
HUS,24000049,FLF1107,20242,1,6.7,C+,2.5,passed
HUS,24000049,HUS1023,20242,1,5.1,D+,1.5,passed
HUS,24000049,MAT2502,20242,1,6.3,C,2.0,passed
HUS,24000049,MAT2505,20242,1,7.0,B,3.0,passed
HUS,24000049,MAT3557,20242,1,5.4,D+,1.5,passed
HUS,24000049,PEC1008,20251,1,6.8,C+,2.5,passed
HUS,24000049,HIS1056,20251,1,6.5,C+,2.5,passed
HUS,24000049,HUS1012,20251,1,3.5,F,0.0,failed
HUS,24000049,MAT1202,20251,1,4.5,D,1.0,passed
HUS,24000049,MAT2323,20251,1,5.8,C,2.0,passed
HUS,24000049,MAT2503,20251,1,6.1,C,2.0,passed
HUS,24000049,MAT3514,20251,1,6.5,C+,2.5,passed
HUS,24000049,PHI1002,20251,1,4.5,D,1.0,passed
HUS,24000049,HUS1012,20252,2,3.0,F,0.0,failed
HUS,24000049,HIS1001,20252,1,6.4,C,2.0,passed
HUS,24000049,MAT1205E,20252,1,6.1,C,2.0,passed
HUS,24000049,MAT2403,20252,1,9.0,A+,4.0,passed
HUS,24000049,MAT3505,20252,1,5.4,D+,1.5,passed
HUS,24000049,MAT3550E,20252,1,5.0,D+,1.5,passed
HUS,24000050,FLF1107,20241,1,,,,exempted
HUS,24000050,HUS1011,20241,1,7.2,B,3.0,passed
HUS,24000050,MAT2400,20241,1,7.7,B,3.0,passed
HUS,24000050,MAT2501,20241,1,8.0,B+,3.5,passed
HUS,24000050,MAT3500,20241,1,5.1,D+,1.5,passed
HUS,24000050,PHI1006,20241,1,7.1,B,3.0,passed
HUS,24000050,HUS1022,20242,1,6.3,C,2.0,passed
HUS,24000050,MAT2502,20242,1,6.6,C+,2.5,passed
HUS,24000050,MAT2505,20242,1,8.2,B+,3.5,passed
HUS,24000050,MAT3557,20242,1,8.0,B+,3.5,passed
HUS,24000050,PEC1008,20242,1,8.5,A,3.7,passed
HUS,24000050,HIS1056,20251,1,10.0,A+,4.0,passed
HUS,24000050,HUS1012,20251,1,7.2,B,3.0,passed
HUS,24000050,MAT1202,20251,1,10.0,A+,4.0,passed
HUS,24000050,MAT2323,20251,1,7.7,B,3.0,passed
HUS,24000050,MAT2503,20251,1,7.8,B,3.0,passed
HUS,24000050,PHI1002,20251,1,9.2,A+,4.0,passed
HUS,24000050,MAT3514,20252,1,7.9,B,3.0,passed
HUS,24000050,HIS1001,20252,1,8.6,A,3.7,passed
HUS,24000050,MAT1205E,20252,1,4.8,D,1.0,passed
HUS,24000050,MAT2403,20252,1,8.2,B+,3.5,passed
HUS,24000050,MAT3505,20252,1,6.7,C+,2.5,passed
HUS,24000050,MAT3550E,20252,1,8.0,B+,3.5,passed
HUS,23000026,HUS1011,20231,1,6.5,C+,2.5,passed
HUS,23000026,MAT2400,20231,1,9.3,A+,4.0,passed
HUS,23000026,MAT2501,20231,1,6.8,C+,2.5,passed
HUS,23000026,MAT3500,20231,1,8.9,A,3.7,passed
HUS,23000026,PHI1006,20231,1,6.7,C+,2.5,passed
HUS,23000026,FLF1107,20232,1,7.1,B,3.0,passed
HUS,23000026,HUS1023,20232,1,7.3,B,3.0,passed
HUS,23000026,MAT2502,20232,1,9.5,A+,4.0,passed
HUS,23000026,MAT2505,20232,1,6.8,C+,2.5,passed
HUS,23000026,MAT3557,20232,1,7.3,B,3.0,passed
HUS,23000026,PEC1008,20232,1,8.4,B+,3.5,passed
HUS,23000026,HUS1012,20241,1,9.0,A+,4.0,passed
HUS,23000026,HUS1021,20241,1,8.8,A,3.7,passed
HUS,23000026,MAT1202,20241,1,6.9,C+,2.5,passed
HUS,23000026,MAT2323,20241,1,7.0,B,3.0,passed
HUS,23000026,MAT2503,20241,1,8.3,B+,3.5,passed
HUS,23000026,MAT3514,20241,1,6.9,C+,2.5,passed
HUS,23000026,PHI1002,20241,1,6.1,C,2.0,passed
HUS,23000026,HIS1001,20242,1,5.3,D+,1.5,passed
HUS,23000026,MAT1205E,20242,1,7.2,B,3.0,passed
HUS,23000026,MAT2403,20242,1,7.5,B,3.0,passed
HUS,23000026,MAT3505,20242,1,5.7,C,2.0,passed
HUS,23000026,MAT3507,20242,1,10.0,A+,4.0,passed
HUS,23000026,MAT3550E,20251,1,9.9,A+,4.0,passed
HUS,23000026,MAT1206E,20251,1,8.7,A,3.7,passed
HUS,23000026,MAT2407,20251,1,6.2,C,2.0,passed
HUS,23000026,MAT3506,20251,1,7.0,B,3.0,passed
HUS,23000026,MAT3533,20251,1,8.0,B+,3.5,passed
HUS,23000026,MAT3552E,20251,1,7.3,B,3.0,passed
HUS,23000026,POL1001,20251,1,3.5,F,0.0,failed
HUS,23000026,POL1001,20252,2,7.7,B,3.0,passed
HUS,23000026,MAT1204,20252,1,9.7,A+,4.0,passed
HUS,23000026,MAT1208,20252,1,10.0,A+,4.0,passed
HUS,23000026,MAT3373E,20252,1,7.7,B,3.0,passed
HUS,23000026,MAT3541E,20252,1,7.2,B,3.0,passed
HUS,23000026,MAT3560,20252,1,7.7,B,3.0,passed
HUS,23000026,THL1057,20252,1,7.4,B,3.0,passed
HUS,23000027,HUS1011,20231,1,6.6,C+,2.5,passed
HUS,23000027,MAT2400,20231,1,4.9,D,1.0,passed
HUS,23000027,MAT3500,20231,1,6.5,C+,2.5,passed
HUS,23000027,MAT2501,20232,1,6.4,C,2.0,passed
HUS,23000027,PHI1006,20232,1,5.1,D+,1.5,passed
HUS,23000027,FLF1107,20232,1,8.4,B+,3.5,passed
HUS,23000027,HUS1023,20232,1,6.8,C+,2.5,passed
HUS,23000027,MAT2505,20232,1,5.6,C,2.0,passed
HUS,23000027,MAT3557,20232,1,6.5,C+,2.5,passed
HUS,23000027,MAT2502,20241,1,4.7,D,1.0,passed
HUS,23000027,PEC1008,20241,1,4.2,D,1.0,passed
HUS,23000027,HUS1012,20241,1,5.9,C,2.0,passed
HUS,23000027,HUS1024,20241,1,5.0,D+,1.5,passed
HUS,23000027,MAT1202,20241,1,3.9,F,0.0,failed
HUS,23000027,MAT3514,20241,1,4.4,D,1.0,passed
HUS,23000027,PHI1002,20241,1,3.2,F,0.0,failed
HUS,23000027,MAT1202,20242,2,8.3,B+,3.5,passed
HUS,23000027,PHI1002,20242,2,6.5,C+,2.5,passed
HUS,23000027,MAT2323,20242,1,4.7,D,1.0,passed
HUS,23000027,MAT2503,20242,1,6.8,C+,2.5,passed
HUS,23000027,HIS1001,20242,1,3.9,F,0.0,failed
HUS,23000027,MAT1205E,20242,1,7.6,B,3.0,passed
HUS,23000027,MAT2403,20242,1,7.4,B,3.0,passed
HUS,23000027,MAT3505,20242,1,4.8,D,1.0,passed
HUS,23000027,HIS1001,20251,2,3.5,F,0.0,failed
HUS,23000027,MAT3507,20251,1,5.5,C,2.0,passed
HUS,23000027,MAT3550E,20251,1,6.6,C+,2.5,passed
HUS,23000027,MAT2407,20251,1,4.5,D,1.0,passed
HUS,23000027,MAT3533,20251,1,7.6,B,3.0,passed
HUS,23000027,MAT3552E,20251,1,6.0,C,2.0,passed
HUS,23000027,POL1001,20251,1,3.9,F,0.0,failed
HUS,23000027,HIS1001,20252,3,3.2,F,0.0,failed
HUS,23000027,POL1001,20252,2,5.5,C,2.0,passed
HUS,23000027,MAT1206E,20252,1,7.9,B,3.0,passed
HUS,23000027,MAT3506,20252,1,5.1,D+,1.5,passed
HUS,23000027,MAT3373E,20252,1,8.2,B+,3.5,passed
HUS,23000027,MAT3374,20252,1,5.6,C,2.0,passed
HUS,23000027,MAT3541E,20252,1,6.4,C,2.0,passed
HUS,23000027,MAT3558,20252,1,5.9,C,2.0,passed
HUS,23000028,HUS1011,20231,1,6.8,C+,2.5,passed
HUS,23000028,MAT2400,20231,1,8.7,A,3.7,passed
HUS,23000028,MAT2501,20231,1,6.6,C+,2.5,passed
HUS,23000028,MAT3500,20231,1,7.3,B,3.0,passed
HUS,23000028,PHI1006,20231,1,6.9,C+,2.5,passed
HUS,23000028,FLF1107,20232,1,9.9,A+,4.0,passed
HUS,23000028,HUS1023,20232,1,5.7,C,2.0,passed
HUS,23000028,MAT2502,20232,1,8.7,A,3.7,passed
HUS,23000028,MAT2505,20232,1,5.8,C,2.0,passed
HUS,23000028,MAT3557,20232,1,8.0,B+,3.5,passed
HUS,23000028,PEC1008,20232,1,4.6,D,1.0,passed
HUS,23000028,HIS1056,20241,1,5.7,C,2.0,passed
HUS,23000028,HUS1012,20241,1,5.0,D+,1.5,passed
HUS,23000028,MAT2323,20241,1,7.9,B,3.0,passed
HUS,23000028,MAT2503,20241,1,8.3,B+,3.5,passed
HUS,23000028,MAT3514,20241,1,6.4,C,2.0,passed
HUS,23000028,PHI1002,20241,1,7.7,B,3.0,passed
HUS,23000028,MAT1202,20242,1,6.0,C,2.0,passed
HUS,23000028,HIS1001,20242,1,5.3,D+,1.5,passed
HUS,23000028,MAT1205E,20242,1,6.0,C,2.0,passed
HUS,23000028,MAT2403,20242,1,8.9,A,3.7,passed
HUS,23000028,MAT3505,20242,1,6.4,C,2.0,passed
HUS,23000028,MAT3507,20242,1,5.8,C,2.0,passed
HUS,23000028,MAT3550E,20242,1,6.3,C,2.0,passed
HUS,23000028,MAT1206E,20251,1,6.3,C,2.0,passed
HUS,23000028,MAT2407,20251,1,9.8,A+,4.0,passed
HUS,23000028,MAT3506,20251,1,7.1,B,3.0,passed
HUS,23000028,MAT3533,20251,1,7.4,B,3.0,passed
HUS,23000028,MAT3552E,20251,1,9.5,A+,4.0,passed
HUS,23000028,POL1001,20251,1,6.1,C,2.0,passed
HUS,23000028,MAT1204,20252,1,6.2,C,2.0,passed
HUS,23000028,MAT3373E,20252,1,6.3,C,2.0,passed
HUS,23000028,MAT3374,20252,1,7.6,B,3.0,passed
HUS,23000028,MAT3519,20252,1,6.9,C+,2.5,passed
HUS,23000028,MAT3541E,20252,1,9.7,A+,4.0,passed
HUS,23000028,MAT3558,20252,1,3.9,F,0.0,failed
HUS,23000028,THL1057,20252,1,7.8,B,3.0,passed
HUS,23000029,HUS1011,20231,1,3.6,F,0.0,failed
HUS,23000029,MAT2400,20231,1,2.6,F,0.0,failed
HUS,23000029,MAT2501,20231,1,5.3,D+,1.5,passed
HUS,23000029,MAT3500,20231,1,5.6,C,2.0,passed
HUS,23000029,PHI1006,20231,1,5.0,D+,1.5,passed
HUS,23000029,MAT2400,20232,2,4.9,D,1.0,passed
HUS,23000029,FLF1107,20232,1,4.3,D,1.0,passed
HUS,23000029,HUS1023,20232,1,6.7,C+,2.5,passed
HUS,23000029,MAT2502,20232,1,5.6,C,2.0,passed
HUS,23000029,MAT3557,20232,1,7.4,B,3.0,passed
HUS,23000029,PEC1008,20232,1,4.2,D,1.0,passed
HUS,23000029,HUS1011,20241,2,2.1,F,0.0,failed
HUS,23000029,HUS1012,20241,1,2.0,F,0.0,failed
HUS,23000029,HUS1024,20241,1,6.4,C,2.0,passed
HUS,23000029,MAT2323,20241,1,3.2,F,0.0,failed
HUS,23000029,MAT2503,20241,1,3.7,F,0.0,failed
HUS,23000029,PHI1002,20241,1,5.1,D+,1.5,passed
HUS,23000029,HUS1012,20242,2,5.4,D+,1.5,passed
HUS,23000029,MAT2323,20242,2,5.1,D+,1.5,passed
HUS,23000029,HIS1001,20242,1,4.1,D,1.0,passed
HUS,23000029,MAT1205E,20242,1,5.4,D+,1.5,passed
HUS,23000029,MAT2403,20242,1,6.6,C+,2.5,passed
HUS,23000029,HUS1011,20251,3,6.4,C,2.0,passed
HUS,23000029,MAT2503,20251,2,5.3,D+,1.5,passed
HUS,23000029,MAT2407,20251,1,2.3,F,0.0,failed
HUS,23000029,MAT3533,20251,1,5.0,D+,1.5,passed
HUS,23000029,POL1001,20251,1,3.7,F,0.0,failed
HUS,23000029,MAT2407,20252,2,4.2,D,1.0,passed
HUS,23000029,MAT2505,20252,1,5.2,D+,1.5,passed
HUS,23000029,THL1057,20252,1,5.0,D+,1.5,passed
HUS,23000030,HUS1011,20231,1,7.4,B,3.0,passed
HUS,23000030,MAT2400,20231,1,6.5,C+,2.5,passed
HUS,23000030,MAT2501,20231,1,7.4,B,3.0,passed
HUS,23000030,MAT3500,20231,1,8.4,B+,3.5,passed
HUS,23000030,PHI1006,20231,1,8.4,B+,3.5,passed
HUS,23000030,FLF1107,20232,1,8.6,A,3.7,passed
HUS,23000030,HUS1023,20232,1,9.2,A+,4.0,passed
HUS,23000030,MAT2502,20232,1,7.7,B,3.0,passed
HUS,23000030,MAT2505,20232,1,8.8,A,3.7,passed
HUS,23000030,MAT3557,20232,1,7.3,B,3.0,passed
HUS,23000030,PEC1008,20232,1,8.3,B+,3.5,passed
HUS,23000030,HIS1056,20241,1,8.3,B+,3.5,passed
HUS,23000030,MAT1202,20241,1,8.4,B+,3.5,passed
HUS,23000030,MAT2503,20241,1,9.5,A+,4.0,passed
HUS,23000030,PHI1002,20241,1,7.9,B,3.0,passed
HUS,23000030,HUS1012,20242,1,8.8,A,3.7,passed
HUS,23000030,MAT2323,20242,1,8.3,B+,3.5,passed
HUS,23000030,MAT3514,20242,1,9.2,A+,4.0,passed
HUS,23000030,HIS1001,20242,1,7.8,B,3.0,passed
HUS,23000030,MAT1205E,20242,1,9.5,A+,4.0,passed
HUS,23000030,MAT2403,20242,1,6.9,C+,2.5,passed
HUS,23000030,MAT3505,20242,1,9.8,A+,4.0,passed
HUS,23000030,MAT3550E,20242,1,8.4,B+,3.5,passed
HUS,23000030,MAT3507,20251,1,8.0,B+,3.5,passed
HUS,23000030,MAT3506,20251,1,6.2,C,2.0,passed
HUS,23000030,MAT3533,20251,1,10.0,A+,4.0,passed
HUS,23000030,MAT3552E,20251,1,6.8,C+,2.5,passed
HUS,23000030,POL1001,20251,1,8.0,B+,3.5,passed
HUS,23000030,MAT1206E,20252,1,9.9,A+,4.0,passed
HUS,23000030,MAT2407,20252,1,8.8,A,3.7,passed
HUS,23000030,MAT1204,20252,1,8.4,B+,3.5,passed
HUS,23000030,MAT3373E,20252,1,7.6,B,3.0,passed
HUS,23000030,MAT3374,20252,1,6.7,C+,2.5,passed
HUS,23000030,MAT3519,20252,1,9.8,A+,4.0,passed
HUS,23000030,MAT3541E,20252,1,9.5,A+,4.0,passed
HUS,23000031,HUS1011,20231,1,4.0,D,1.0,passed
HUS,23000031,MAT2400,20231,1,10.0,A+,4.0,passed
HUS,23000031,MAT2501,20231,1,6.7,C+,2.5,passed
HUS,23000031,MAT3500,20231,1,7.9,B,3.0,passed
HUS,23000031,PHI1006,20231,1,7.5,B,3.0,passed
HUS,23000031,FLF1107,20232,1,4.8,D,1.0,passed
HUS,23000031,HUS1023,20232,1,9.2,A+,4.0,passed
HUS,23000031,MAT2502,20232,1,7.7,B,3.0,passed
HUS,23000031,MAT2505,20232,1,3.5,F,0.0,failed
HUS,23000031,MAT3557,20232,1,7.4,B,3.0,passed
HUS,23000031,PEC1008,20232,1,8.5,A,3.7,passed
HUS,23000031,HUS1012,20241,1,9.7,A+,4.0,passed
HUS,23000031,HUS1021,20241,1,9.1,A+,4.0,passed
HUS,23000031,MAT2323,20241,1,7.3,B,3.0,passed
HUS,23000031,MAT2503,20241,1,7.1,B,3.0,passed
HUS,23000031,PHI1002,20241,1,7.2,B,3.0,passed
HUS,23000031,MAT2505,20242,2,5.0,D+,1.5,passed
HUS,23000031,HIS1001,20242,1,7.5,B,3.0,passed
HUS,23000031,MAT1205E,20242,1,6.4,C,2.0,passed
HUS,23000031,MAT2403,20242,1,7.9,B,3.0,passed
HUS,23000031,MAT1202,20251,1,4.6,D,1.0,passed
HUS,23000031,MAT3514,20251,1,5.8,C,2.0,passed
HUS,23000031,MAT3505,20251,1,8.9,A,3.7,passed
HUS,23000031,MAT3507,20251,1,10.0,A+,4.0,passed
HUS,23000031,MAT3550E,20251,1,9.4,A+,4.0,passed
HUS,23000031,MAT2407,20251,1,5.5,C,2.0,passed
HUS,23000031,MAT1206E,20252,1,7.3,B,3.0,passed
HUS,23000031,MAT3506,20252,1,8.7,A,3.7,passed
HUS,23000031,MAT3533,20252,1,8.8,A,3.7,passed
HUS,23000031,MAT3552E,20252,1,5.0,D+,1.5,passed
HUS,23000031,POL1001,20252,1,8.2,B+,3.5,passed
HUS,23000031,MAT1204,20252,1,10.0,A+,4.0,passed
HUS,23000031,MAT1208,20252,1,6.9,C+,2.5,passed
HUS,23000031,MAT3558,20252,1,6.1,C,2.0,passed
HUS,23000032,FLF1107,20231,1,,,,exempted
HUS,23000032,HUS1011,20231,1,9.0,A+,4.0,passed
HUS,23000032,MAT2400,20231,1,9.4,A+,4.0,passed
HUS,23000032,MAT2501,20231,1,10.0,A+,4.0,passed
HUS,23000032,MAT3500,20231,1,9.6,A+,4.0,passed
HUS,23000032,PHI1006,20231,1,10.0,A+,4.0,passed
HUS,23000032,HUS1023,20232,1,10.0,A+,4.0,passed
HUS,23000032,MAT2502,20232,1,7.1,B,3.0,passed
HUS,23000032,MAT2505,20232,1,9.8,A+,4.0,passed
HUS,23000032,MAT3557,20232,1,10.0,A+,4.0,passed
HUS,23000032,PEC1008,20241,1,8.0,B+,3.5,passed
HUS,23000032,HIS1056,20241,1,10.0,A+,4.0,passed
HUS,23000032,MAT1202,20241,1,8.7,A,3.7,passed
HUS,23000032,MAT2503,20241,1,7.6,B,3.0,passed
HUS,23000032,MAT3514,20241,1,10.0,A+,4.0,passed
HUS,23000032,PHI1002,20241,1,10.0,A+,4.0,passed
HUS,23000032,HUS1012,20242,1,8.6,A,3.7,passed
HUS,23000032,MAT2323,20242,1,8.3,B+,3.5,passed
HUS,23000032,HIS1001,20242,1,9.5,A+,4.0,passed
HUS,23000032,MAT1205E,20242,1,8.9,A,3.7,passed
HUS,23000032,MAT2403,20242,1,9.9,A+,4.0,passed
HUS,23000032,MAT3505,20242,1,8.1,B+,3.5,passed
HUS,23000032,MAT3507,20242,1,8.9,A,3.7,passed
HUS,23000032,MAT3550E,20242,1,10.0,A+,4.0,passed
HUS,23000032,MAT1206E,20251,1,8.8,A,3.7,passed
HUS,23000032,MAT2407,20251,1,9.4,A+,4.0,passed
HUS,23000032,MAT3506,20251,1,8.6,A,3.7,passed
HUS,23000032,MAT3533,20251,1,9.7,A+,4.0,passed
HUS,23000032,MAT3552E,20251,1,8.2,B+,3.5,passed
HUS,23000032,POL1001,20251,1,10.0,A+,4.0,passed
HUS,23000032,MAT1204,20252,1,7.6,B,3.0,passed
HUS,23000032,MAT3373E,20252,1,8.7,A,3.7,passed
HUS,23000032,MAT3374,20252,1,10.0,A+,4.0,passed
HUS,23000032,MAT3541E,20252,1,9.0,A+,4.0,passed
HUS,23000032,MAT3558,20252,1,10.0,A+,4.0,passed
HUS,23000032,MAT3560,20252,1,10.0,A+,4.0,passed
HUS,23000032,THL1057,20252,1,9.6,A+,4.0,passed
HUS,23000033,HUS1011,20231,1,5.8,C,2.0,passed
HUS,23000033,MAT2400,20231,1,6.4,C,2.0,passed
HUS,23000033,MAT2501,20231,1,5.2,D+,1.5,passed
HUS,23000033,MAT3500,20231,1,4.4,D,1.0,passed
HUS,23000033,PHI1006,20231,1,8.8,A,3.7,passed
HUS,23000033,FLF1107,20232,1,6.7,C+,2.5,passed
HUS,23000033,HUS1022,20232,1,4.9,D,1.0,passed
HUS,23000033,MAT2502,20232,1,7.0,B,3.0,passed
HUS,23000033,MAT2505,20232,1,7.9,B,3.0,passed
HUS,23000033,MAT3557,20232,1,4.6,D,1.0,passed
HUS,23000033,PEC1008,20232,1,8.1,B+,3.5,passed
HUS,23000033,HIS1056,20241,1,7.5,B,3.0,passed
HUS,23000033,HUS1012,20241,1,1.6,F,0.0,failed
HUS,23000033,MAT1202,20241,1,6.7,C+,2.5,passed
HUS,23000033,MAT2323,20241,1,5.2,D+,1.5,passed
HUS,23000033,MAT2503,20241,1,5.0,D+,1.5,passed
HUS,23000033,MAT3514,20241,1,4.4,D,1.0,passed
HUS,23000033,PHI1002,20241,1,9.0,A+,4.0,passed
HUS,23000033,HUS1012,20242,2,4.2,D,1.0,passed
HUS,23000033,HIS1001,20242,1,8.9,A,3.7,passed
HUS,23000033,MAT1205E,20242,1,8.2,B+,3.5,passed
HUS,23000033,MAT2403,20242,1,5.1,D+,1.5,passed
HUS,23000033,MAT3505,20242,1,3.6,F,0.0,failed
HUS,23000033,MAT3507,20242,1,6.7,C+,2.5,passed
HUS,23000033,MAT3550E,20242,1,5.6,C,2.0,passed
HUS,23000033,MAT1206E,20251,1,5.4,D+,1.5,passed
HUS,23000033,MAT2407,20251,1,6.2,C,2.0,passed
HUS,23000033,MAT3506,20251,1,6.3,C,2.0,passed
HUS,23000033,MAT3533,20251,1,5.7,C,2.0,passed
HUS,23000033,MAT3552E,20251,1,4.5,D,1.0,passed
HUS,23000033,POL1001,20251,1,6.6,C+,2.5,passed
HUS,23000033,MAT1204,20252,1,6.9,C+,2.5,passed
HUS,23000033,MAT3373E,20252,1,6.8,C+,2.5,passed
HUS,23000033,MAT3374,20252,1,6.6,C+,2.5,passed
HUS,23000033,MAT3519,20252,1,5.6,C,2.0,passed
HUS,23000033,MAT3541E,20252,1,3.8,F,0.0,failed
HUS,23000033,THL1057,20252,1,8.0,B+,3.5,passed
HUS,23000034,HUS1011,20231,1,5.5,C,2.0,passed
HUS,23000034,MAT2400,20231,1,7.5,B,3.0,passed
HUS,23000034,MAT2501,20231,1,7.9,B,3.0,passed
HUS,23000034,MAT3500,20231,1,6.7,C+,2.5,passed
HUS,23000034,PHI1006,20231,1,7.1,B,3.0,passed
HUS,23000034,FLF1107,20232,1,7.3,B,3.0,passed
HUS,23000034,HUS1022,20232,1,6.7,C+,2.5,passed
HUS,23000034,MAT2502,20232,1,5.1,D+,1.5,passed
HUS,23000034,MAT2505,20232,1,4.5,D,1.0,passed
HUS,23000034,MAT3557,20232,1,8.7,A,3.7,passed
HUS,23000034,PEC1008,20232,1,10.0,A+,4.0,passed
HUS,23000034,HIS1056,20241,1,9.3,A+,4.0,passed
HUS,23000034,HUS1012,20241,1,8.3,B+,3.5,passed
HUS,23000034,MAT1202,20241,1,6.2,C,2.0,passed
HUS,23000034,MAT2323,20241,1,9.3,A+,4.0,passed
HUS,23000034,MAT2503,20241,1,6.9,C+,2.5,passed
HUS,23000034,MAT3514,20241,1,4.9,D,1.0,passed
HUS,23000034,PHI1002,20241,1,7.2,B,3.0,passed
HUS,23000034,HIS1001,20242,1,6.3,C,2.0,passed
HUS,23000034,MAT1205E,20242,1,9.1,A+,4.0,passed
HUS,23000034,MAT2403,20242,1,7.3,B,3.0,passed
HUS,23000034,MAT3505,20242,1,10.0,A+,4.0,passed
HUS,23000034,MAT3507,20242,1,6.4,C,2.0,passed
HUS,23000034,MAT3550E,20242,1,8.2,B+,3.5,passed
HUS,23000034,MAT1206E,20251,1,5.2,D+,1.5,passed
HUS,23000034,MAT2407,20251,1,6.8,C+,2.5,passed
HUS,23000034,MAT3506,20251,1,6.8,C+,2.5,passed
HUS,23000034,MAT3533,20251,1,5.1,D+,1.5,passed
HUS,23000034,MAT3552E,20251,1,3.4,F,0.0,failed
HUS,23000034,POL1001,20251,1,9.1,A+,4.0,passed
HUS,23000034,MAT3552E,20252,2,6.5,C+,2.5,passed
HUS,23000034,MAT1204,20252,1,5.5,C,2.0,passed
HUS,23000034,MAT1208,20252,1,6.9,C+,2.5,passed
HUS,23000034,MAT3373E,20252,1,6.7,C+,2.5,passed
HUS,23000034,MAT3374,20252,1,7.1,B,3.0,passed
HUS,23000034,MAT3541E,20252,1,4.6,D,1.0,passed
HUS,23000034,MAT3560,20252,1,6.9,C+,2.5,passed
HUS,23000034,THL1057,20252,1,7.8,B,3.0,passed
HUS,23000035,MAT2400,20231,1,1.5,F,0.0,failed
HUS,23000035,MAT2501,20231,1,0.0,F,0.0,failed
HUS,23000035,MAT3500,20231,1,1.4,F,0.0,failed
HUS,23000035,PHI1006,20231,1,4.8,D,1.0,passed
HUS,23000035,MAT2400,20232,2,3.1,F,0.0,failed
HUS,23000035,MAT2501,20232,2,3.2,F,0.0,failed
HUS,23000035,HUS1011,20232,1,5.1,D+,1.5,passed
HUS,23000035,FLF1107,20232,1,5.5,C,2.0,passed
HUS,23000035,HUS1022,20232,1,5.9,C,2.0,passed
HUS,23000035,MAT3557,20232,1,4.8,D,1.0,passed
HUS,23000035,MAT2400,20241,3,4.2,D,1.0,passed
HUS,23000035,MAT3500,20241,2,3.3,F,0.0,failed
HUS,23000035,MAT2505,20241,1,8.4,B+,3.5,passed
HUS,23000035,PEC1008,20241,1,4.1,D,1.0,passed
HUS,23000035,HUS1012,20241,1,3.4,F,0.0,failed
HUS,23000035,HUS1024,20241,1,4.3,D,1.0,passed
HUS,23000035,PHI1002,20241,1,4.6,D,1.0,passed
HUS,23000035,MAT2501,20242,3,3.5,F,0.0,failed
HUS,23000035,MAT3500,20242,3,4.7,D,1.0,passed
HUS,23000035,MAT1202,20242,1,6.0,C,2.0,passed
HUS,23000035,MAT3514,20242,1,5.7,C,2.0,passed
HUS,23000035,HIS1001,20242,1,3.4,F,0.0,failed
HUS,23000035,MAT1205E,20242,1,4.1,D,1.0,passed
HUS,23000035,MAT2501,20251,4,3.9,F,0.0,failed
HUS,23000035,HUS1012,20251,2,3.7,F,0.0,failed
HUS,23000035,HIS1001,20251,2,4.6,D,1.0,passed
HUS,23000035,MAT3505,20251,1,3.9,F,0.0,failed
HUS,23000035,MAT3507,20251,1,3.9,F,0.0,failed
HUS,23000035,MAT3550E,20251,1,4.7,D,1.0,passed
HUS,23000035,MAT3506,20251,1,4.2,D,1.0,passed
HUS,23000035,MAT2501,20252,5,3.0,F,0.0,failed
HUS,23000035,MAT3505,20252,2,4.0,D,1.0,passed
HUS,23000035,MAT3507,20252,2,3.9,F,0.0,failed
HUS,23000035,MAT3552E,20252,1,4.3,D,1.0,passed
HUS,23000035,POL1001,20252,1,4.0,D,1.0,passed
HUS,23000035,MAT3373E,20252,1,6.9,C+,2.5,passed
HUS,23000035,MAT3519,20252,1,4.3,D,1.0,passed
HUS,23000036,FLF1107,20231,1,,,,exempted
HUS,23000036,HUS1011,20231,1,6.3,C,2.0,passed
HUS,23000036,MAT2400,20231,1,6.8,C+,2.5,passed
HUS,23000036,MAT2501,20231,1,5.5,C,2.0,passed
HUS,23000036,MAT3500,20231,1,6.9,C+,2.5,passed
HUS,23000036,PHI1006,20231,1,8.6,A,3.7,passed
HUS,23000036,HUS1023,20232,1,8.5,A,3.7,passed
HUS,23000036,MAT2502,20232,1,7.1,B,3.0,passed
HUS,23000036,MAT2505,20232,1,8.7,A,3.7,passed
HUS,23000036,MAT3557,20232,1,5.2,D+,1.5,passed
HUS,23000036,PEC1008,20232,1,7.1,B,3.0,passed
HUS,23000036,HIS1056,20241,1,4.9,D,1.0,passed
HUS,23000036,HUS1012,20241,1,7.9,B,3.0,passed
HUS,23000036,MAT1202,20241,1,7.7,B,3.0,passed
HUS,23000036,MAT2323,20241,1,6.1,C,2.0,passed
HUS,23000036,MAT2503,20241,1,8.1,B+,3.5,passed
HUS,23000036,MAT3514,20241,1,7.6,B,3.0,passed
HUS,23000036,PHI1002,20241,1,6.9,C+,2.5,passed
HUS,23000036,HIS1001,20242,1,8.0,B+,3.5,passed
HUS,23000036,MAT1205E,20242,1,7.7,B,3.0,passed
HUS,23000036,MAT2403,20242,1,7.1,B,3.0,passed
HUS,23000036,MAT3505,20242,1,5.4,D+,1.5,passed
HUS,23000036,MAT3507,20242,1,7.8,B,3.0,passed
HUS,23000036,MAT3550E,20242,1,4.7,D,1.0,passed
HUS,23000036,MAT1206E,20251,1,5.6,C,2.0,passed
HUS,23000036,MAT2407,20251,1,5.1,D+,1.5,passed
HUS,23000036,MAT3506,20251,1,7.4,B,3.0,passed
HUS,23000036,MAT3533,20251,1,6.2,C,2.0,passed
HUS,23000036,MAT3552E,20251,1,4.0,D,1.0,passed
HUS,23000036,POL1001,20251,1,6.9,C+,2.5,passed
HUS,23000036,MAT1204,20252,1,7.1,B,3.0,passed
HUS,23000036,MAT3373E,20252,1,6.9,C+,2.5,passed
HUS,23000036,MAT3519,20252,1,6.5,C+,2.5,passed
HUS,23000036,MAT3541E,20252,1,6.5,C+,2.5,passed
HUS,23000036,MAT3560,20252,1,5.7,C,2.0,passed
HUS,23000036,THL1057,20252,1,6.0,C,2.0,passed
HUS,23000037,HUS1011,20231,1,7.7,B,3.0,passed
HUS,23000037,MAT2400,20231,1,7.9,B,3.0,passed
HUS,23000037,MAT3500,20231,1,8.2,B+,3.5,passed
HUS,23000037,PHI1006,20231,1,7.1,B,3.0,passed
HUS,23000037,MAT2501,20232,1,5.5,C,2.0,passed
HUS,23000037,FLF1107,20232,1,10.0,A+,4.0,passed
HUS,23000037,HUS1022,20232,1,10.0,A+,4.0,passed
HUS,23000037,MAT2505,20232,1,8.0,B+,3.5,passed
HUS,23000037,MAT3557,20232,1,8.5,A,3.7,passed
HUS,23000037,PEC1008,20232,1,9.4,A+,4.0,passed
HUS,23000037,MAT2502,20241,1,4.6,D,1.0,passed
HUS,23000037,HUS1012,20241,1,8.1,B+,3.5,passed
HUS,23000037,HUS1024,20241,1,10.0,A+,4.0,passed
HUS,23000037,MAT1202,20241,1,8.6,A,3.7,passed
HUS,23000037,MAT3514,20241,1,7.9,B,3.0,passed
HUS,23000037,PHI1002,20241,1,6.9,C+,2.5,passed
HUS,23000037,MAT2323,20242,1,7.0,B,3.0,passed
HUS,23000037,MAT2503,20242,1,8.0,B+,3.5,passed
HUS,23000037,HIS1001,20242,1,7.9,B,3.0,passed
HUS,23000037,MAT1205E,20242,1,8.4,B+,3.5,passed
HUS,23000037,MAT2403,20242,1,9.7,A+,4.0,passed
HUS,23000037,MAT3505,20242,1,10.0,A+,4.0,passed
HUS,23000037,MAT3507,20242,1,9.5,A+,4.0,passed
HUS,23000037,MAT3550E,20251,1,10.0,A+,4.0,passed
HUS,23000037,MAT1206E,20251,1,7.2,B,3.0,passed
HUS,23000037,MAT3533,20251,1,8.1,B+,3.5,passed
HUS,23000037,MAT3552E,20251,1,10.0,A+,4.0,passed
HUS,23000037,POL1001,20251,1,8.7,A,3.7,passed
HUS,23000037,MAT2407,20252,1,7.4,B,3.0,passed
HUS,23000037,MAT3506,20252,1,10.0,A+,4.0,passed
HUS,23000037,MAT1204,20252,1,6.6,C+,2.5,passed
HUS,23000037,MAT1208,20252,1,10.0,A+,4.0,passed
HUS,23000037,MAT3373E,20252,1,6.5,C+,2.5,passed
HUS,23000037,MAT3374,20252,1,9.2,A+,4.0,passed
HUS,23000037,MAT3519,20252,1,8.8,A,3.7,passed
HUS,23000037,THL1057,20252,1,7.4,B,3.0,passed
HUS,23000038,HUS1011,20231,1,6.4,C,2.0,passed
HUS,23000038,MAT2400,20231,1,5.5,C,2.0,passed
HUS,23000038,MAT2501,20231,1,6.8,C+,2.5,passed
HUS,23000038,MAT3500,20231,1,5.0,D+,1.5,passed
HUS,23000038,PHI1006,20231,1,7.3,B,3.0,passed
HUS,23000038,FLF1107,20232,1,6.8,C+,2.5,passed
HUS,23000038,HUS1022,20232,1,8.6,A,3.7,passed
HUS,23000038,MAT2505,20232,1,5.7,C,2.0,passed
HUS,23000038,MAT3557,20232,1,6.1,C,2.0,passed
HUS,23000038,PEC1008,20232,1,8.5,A,3.7,passed
HUS,23000038,MAT2502,20241,1,7.0,B,3.0,passed
HUS,23000038,HUS1012,20241,1,7.6,B,3.0,passed
HUS,23000038,HUS1021,20241,1,8.6,A,3.7,passed
HUS,23000038,MAT1202,20241,1,8.5,A,3.7,passed
HUS,23000038,MAT3514,20241,1,7.6,B,3.0,passed
HUS,23000038,PHI1002,20241,1,8.6,A,3.7,passed
HUS,23000038,MAT2323,20242,1,6.0,C,2.0,passed
HUS,23000038,MAT2503,20242,1,5.4,D+,1.5,passed
HUS,23000038,HIS1001,20242,1,9.0,A+,4.0,passed
HUS,23000038,MAT1205E,20242,1,8.6,A,3.7,passed
HUS,23000038,MAT2403,20242,1,6.0,C,2.0,passed
HUS,23000038,MAT3505,20242,1,6.9,C+,2.5,passed
HUS,23000038,MAT3507,20242,1,5.0,D+,1.5,passed
HUS,23000038,MAT3550E,20251,1,7.7,B,3.0,passed
HUS,23000038,MAT1206E,20251,1,7.5,B,3.0,passed
HUS,23000038,MAT2407,20251,1,5.1,D+,1.5,passed
HUS,23000038,MAT3506,20251,1,8.2,B+,3.5,passed
HUS,23000038,MAT3533,20251,1,7.5,B,3.0,passed
HUS,23000038,MAT3552E,20251,1,5.3,D+,1.5,passed
HUS,23000038,POL1001,20251,1,9.7,A+,4.0,passed
HUS,23000038,MAT1204,20252,1,7.8,B,3.0,passed
HUS,23000038,MAT3373E,20252,1,7.1,B,3.0,passed
HUS,23000038,MAT3374,20252,1,7.7,B,3.0,passed
HUS,23000038,MAT3541E,20252,1,5.9,C,2.0,passed
HUS,23000038,MAT3558,20252,1,8.4,B+,3.5,passed
HUS,23000038,MAT3560,20252,1,8.8,A,3.7,passed
HUS,23000038,THL1057,20252,1,7.3,B,3.0,passed
HUS,23000039,HUS1011,20231,1,8.3,B+,3.5,passed
HUS,23000039,MAT2400,20231,1,6.5,C+,2.5,passed
HUS,23000039,MAT2501,20231,1,7.8,B,3.0,passed
HUS,23000039,MAT3500,20231,1,8.2,B+,3.5,passed
HUS,23000039,PHI1006,20231,1,7.3,B,3.0,passed
HUS,23000039,FLF1107,20232,1,6.7,C+,2.5,passed
HUS,23000039,HUS1023,20232,1,8.2,B+,3.5,passed
HUS,23000039,MAT2502,20232,1,7.7,B,3.0,passed
HUS,23000039,PEC1008,20232,1,9.1,A+,4.0,passed
HUS,23000039,MAT2505,20241,1,10.0,A+,4.0,passed
HUS,23000039,MAT3557,20241,1,6.5,C+,2.5,passed
HUS,23000039,HIS1056,20241,1,5.8,C,2.0,passed
HUS,23000039,HUS1012,20241,1,5.7,C,2.0,passed
HUS,23000039,MAT2323,20241,1,8.1,B+,3.5,passed
HUS,23000039,MAT2503,20241,1,7.5,B,3.0,passed
HUS,23000039,PHI1002,20241,1,7.9,B,3.0,passed
HUS,23000039,MAT1202,20242,1,7.7,B,3.0,passed
HUS,23000039,MAT3514,20242,1,7.9,B,3.0,passed
HUS,23000039,HIS1001,20242,1,10.0,A+,4.0,passed
HUS,23000039,MAT1205E,20242,1,6.1,C,2.0,passed
HUS,23000039,MAT2403,20242,1,6.3,C,2.0,passed
HUS,23000039,MAT3505,20242,1,8.4,B+,3.5,passed
HUS,23000039,MAT3507,20242,1,4.6,D,1.0,passed
HUS,23000039,MAT3550E,20251,1,8.1,B+,3.5,passed
HUS,23000039,MAT1206E,20251,1,9.3,A+,4.0,passed
HUS,23000039,MAT2407,20251,1,5.0,D+,1.5,passed
HUS,23000039,MAT3506,20251,1,5.8,C,2.0,passed
HUS,23000039,MAT3533,20251,1,9.0,A+,4.0,passed
HUS,23000039,MAT3552E,20251,1,8.7,A,3.7,passed
HUS,23000039,POL1001,20251,1,10.0,A+,4.0,passed
HUS,23000039,MAT1204,20252,1,4.8,D,1.0,passed
HUS,23000039,MAT3373E,20252,1,8.4,B+,3.5,passed
HUS,23000039,MAT3374,20252,1,8.8,A,3.7,passed
HUS,23000039,MAT3541E,20252,1,10.0,A+,4.0,passed
HUS,23000039,MAT3558,20252,1,9.6,A+,4.0,passed
HUS,23000039,MAT3560,20252,1,9.6,A+,4.0,passed
HUS,23000039,THL1057,20252,1,8.8,A,3.7,passed
HUS,23000040,HUS1011,20231,1,9.3,A+,4.0,passed
HUS,23000040,MAT2400,20231,1,8.3,B+,3.5,passed
HUS,23000040,MAT2501,20231,1,7.5,B,3.0,passed
HUS,23000040,MAT3500,20231,1,7.6,B,3.0,passed
HUS,23000040,PHI1006,20231,1,7.5,B,3.0,passed
HUS,23000040,FLF1107,20232,1,7.3,B,3.0,passed
HUS,23000040,HUS1023,20232,1,9.8,A+,4.0,passed
HUS,23000040,MAT2502,20232,1,7.9,B,3.0,passed
HUS,23000040,MAT2505,20232,1,9.5,A+,4.0,passed
HUS,23000040,MAT3557,20232,1,6.4,C,2.0,passed
HUS,23000040,PEC1008,20232,1,5.8,C,2.0,passed
HUS,23000040,HUS1012,20241,1,8.3,B+,3.5,passed
HUS,23000040,HUS1021,20241,1,6.5,C+,2.5,passed
HUS,23000040,MAT1202,20241,1,9.8,A+,4.0,passed
HUS,23000040,MAT2323,20241,1,8.1,B+,3.5,passed
HUS,23000040,MAT2503,20241,1,7.7,B,3.0,passed
HUS,23000040,MAT3514,20241,1,8.0,B+,3.5,passed
HUS,23000040,PHI1002,20241,1,5.5,C,2.0,passed
HUS,23000040,HIS1001,20242,1,6.8,C+,2.5,passed
HUS,23000040,MAT1205E,20242,1,7.7,B,3.0,passed
HUS,23000040,MAT2403,20242,1,8.3,B+,3.5,passed
HUS,23000040,MAT3505,20242,1,4.6,D,1.0,passed
HUS,23000040,MAT3507,20242,1,9.9,A+,4.0,passed
HUS,23000040,MAT3550E,20242,1,5.9,C,2.0,passed
HUS,23000040,MAT1206E,20251,1,9.0,A+,4.0,passed
HUS,23000040,MAT3506,20251,1,5.4,D+,1.5,passed
HUS,23000040,MAT3552E,20251,1,9.2,A+,4.0,passed
HUS,23000040,POL1001,20251,1,4.8,D,1.0,passed
HUS,23000040,MAT2407,20252,1,6.5,C+,2.5,passed
HUS,23000040,MAT3533,20252,1,9.7,A+,4.0,passed
HUS,23000040,MAT1204,20252,1,9.2,A+,4.0,passed
HUS,23000040,MAT3373E,20252,1,6.5,C+,2.5,passed
HUS,23000040,MAT3374,20252,1,8.0,B+,3.5,passed
HUS,23000040,MAT3519,20252,1,8.5,A,3.7,passed
HUS,23000040,MAT3541E,20252,1,9.6,A+,4.0,passed
HUS,23000041,HUS1011,20231,1,9.9,A+,4.0,passed
HUS,23000041,MAT2400,20231,1,6.6,C+,2.5,passed
HUS,23000041,MAT2501,20231,1,7.6,B,3.0,passed
HUS,23000041,MAT3500,20231,1,3.7,F,0.0,failed
HUS,23000041,PHI1006,20231,1,10.0,A+,4.0,passed
HUS,23000041,FLF1107,20232,1,8.9,A,3.7,passed
HUS,23000041,HUS1022,20232,1,4.8,D,1.0,passed
HUS,23000041,MAT2502,20232,1,5.5,C,2.0,passed
HUS,23000041,MAT2505,20232,1,9.4,A+,4.0,passed
HUS,23000041,MAT3557,20232,1,6.7,C+,2.5,passed
HUS,23000041,PEC1008,20232,1,7.8,B,3.0,passed
HUS,23000041,MAT3500,20241,2,7.8,B,3.0,passed
HUS,23000041,HIS1056,20241,1,7.0,B,3.0,passed
HUS,23000041,HUS1012,20241,1,7.6,B,3.0,passed
HUS,23000041,MAT1202,20241,1,9.2,A+,4.0,passed
HUS,23000041,MAT2503,20241,1,7.1,B,3.0,passed
HUS,23000041,MAT3514,20241,1,10.0,A+,4.0,passed
HUS,23000041,PHI1002,20241,1,6.1,C,2.0,passed
HUS,23000041,MAT2323,20242,1,6.2,C,2.0,passed
HUS,23000041,HIS1001,20242,1,5.3,D+,1.5,passed
HUS,23000041,MAT2403,20242,1,5.4,D+,1.5,passed
HUS,23000041,MAT3505,20242,1,5.2,D+,1.5,passed
HUS,23000041,MAT3507,20242,1,4.9,D,1.0,passed
HUS,23000041,MAT3550E,20242,1,6.5,C+,2.5,passed
HUS,23000041,MAT1205E,20251,1,5.8,C,2.0,passed
HUS,23000041,MAT1206E,20251,1,7.9,B,3.0,passed
HUS,23000041,MAT2407,20251,1,7.8,B,3.0,passed
HUS,23000041,MAT3506,20251,1,8.5,A,3.7,passed
HUS,23000041,MAT3533,20251,1,8.3,B+,3.5,passed
HUS,23000041,MAT3552E,20251,1,8.2,B+,3.5,passed
HUS,23000041,POL1001,20251,1,6.1,C,2.0,passed
HUS,23000041,MAT1204,20252,1,5.9,C,2.0,passed
HUS,23000041,MAT3373E,20252,1,6.6,C+,2.5,passed
HUS,23000041,MAT3374,20252,1,8.4,B+,3.5,passed
HUS,23000041,MAT3519,20252,1,10.0,A+,4.0,passed
HUS,23000041,MAT3541E,20252,1,7.6,B,3.0,passed
HUS,23000041,MAT3558,20252,1,6.3,C,2.0,passed
HUS,23000041,THL1057,20252,1,9.5,A+,4.0,passed
HUS,23000042,HUS1011,20231,1,6.3,C,2.0,passed
HUS,23000042,MAT2400,20231,1,7.0,B,3.0,passed
HUS,23000042,MAT2501,20231,1,5.7,C,2.0,passed
HUS,23000042,MAT3500,20231,1,5.0,D+,1.5,passed
HUS,23000042,PHI1006,20231,1,5.7,C,2.0,passed
HUS,23000042,FLF1107,20232,1,6.4,C,2.0,passed
HUS,23000042,HUS1023,20232,1,6.0,C,2.0,passed
HUS,23000042,MAT2502,20232,1,8.5,A,3.7,passed
HUS,23000042,MAT2505,20232,1,9.2,A+,4.0,passed
HUS,23000042,MAT3557,20232,1,4.0,D,1.0,passed
HUS,23000042,PEC1008,20232,1,8.7,A,3.7,passed
HUS,23000042,HIS1056,20241,1,8.7,A,3.7,passed
HUS,23000042,HUS1012,20241,1,6.7,C+,2.5,passed
HUS,23000042,MAT1202,20241,1,8.0,B+,3.5,passed
HUS,23000042,MAT2323,20241,1,6.3,C,2.0,passed
HUS,23000042,MAT2503,20241,1,8.5,A,3.7,passed
HUS,23000042,MAT3514,20241,1,8.1,B+,3.5,passed
HUS,23000042,PHI1002,20241,1,7.4,B,3.0,passed
HUS,23000042,HIS1001,20242,1,8.0,B+,3.5,passed
HUS,23000042,MAT1205E,20242,1,5.3,D+,1.5,passed
HUS,23000042,MAT2403,20242,1,6.8,C+,2.5,passed
HUS,23000042,MAT3505,20242,1,7.7,B,3.0,passed
HUS,23000042,MAT3507,20242,1,8.7,A,3.7,passed
HUS,23000042,MAT3550E,20242,1,5.6,C,2.0,passed
HUS,23000042,MAT1206E,20251,1,5.1,D+,1.5,passed
HUS,23000042,MAT2407,20251,1,4.9,D,1.0,passed
HUS,23000042,MAT3506,20251,1,8.1,B+,3.5,passed
HUS,23000042,MAT3533,20251,1,5.4,D+,1.5,passed
HUS,23000042,MAT3552E,20251,1,5.6,C,2.0,passed
HUS,23000042,POL1001,20251,1,7.7,B,3.0,passed
HUS,23000042,MAT3373E,20252,1,7.8,B,3.0,passed
HUS,23000042,MAT3374,20252,1,6.1,C,2.0,passed
HUS,23000042,MAT3519,20252,1,8.0,B+,3.5,passed
HUS,23000042,MAT3541E,20252,1,9.1,A+,4.0,passed
HUS,23000042,MAT3558,20252,1,5.4,D+,1.5,passed
HUS,23000042,THL1057,20252,1,8.4,B+,3.5,passed
HUS,23000043,HUS1011,20231,1,8.8,A,3.7,passed
HUS,23000043,MAT2400,20231,1,10.0,A+,4.0,passed
HUS,23000043,MAT3500,20231,1,10.0,A+,4.0,passed
HUS,23000043,PHI1006,20231,1,8.9,A,3.7,passed
HUS,23000043,MAT2501,20232,1,10.0,A+,4.0,passed
HUS,23000043,FLF1107,20232,1,7.8,B,3.0,passed
HUS,23000043,HUS1023,20232,1,10.0,A+,4.0,passed
HUS,23000043,MAT2505,20232,1,8.7,A,3.7,passed
HUS,23000043,MAT3557,20232,1,7.5,B,3.0,passed
HUS,23000043,PEC1008,20232,1,7.1,B,3.0,passed
HUS,23000043,MAT2502,20241,1,9.7,A+,4.0,passed
HUS,23000043,HUS1012,20241,1,7.7,B,3.0,passed
HUS,23000043,MAT1202,20241,1,9.6,A+,4.0,passed
HUS,23000043,MAT3514,20241,1,6.7,C+,2.5,passed
HUS,23000043,PHI1002,20241,1,8.2,B+,3.5,passed
HUS,23000043,HUS1021,20242,1,8.2,B+,3.5,passed
HUS,23000043,MAT2323,20242,1,10.0,A+,4.0,passed
HUS,23000043,MAT2503,20242,1,6.8,C+,2.5,passed
HUS,23000043,HIS1001,20242,1,7.7,B,3.0,passed
HUS,23000043,MAT1205E,20242,1,7.9,B,3.0,passed
HUS,23000043,MAT2403,20242,1,7.0,B,3.0,passed
HUS,23000043,MAT3505,20242,1,6.0,C,2.0,passed
HUS,23000043,MAT3507,20251,1,10.0,A+,4.0,passed
HUS,23000043,MAT3550E,20251,1,6.7,C+,2.5,passed
HUS,23000043,MAT2407,20251,1,8.2,B+,3.5,passed
HUS,23000043,MAT3506,20251,1,4.5,D,1.0,passed
HUS,23000043,MAT3533,20251,1,8.9,A,3.7,passed
HUS,23000043,MAT3552E,20251,1,7.0,B,3.0,passed
HUS,23000043,POL1001,20251,1,6.1,C,2.0,passed
HUS,23000043,MAT1206E,20252,1,9.7,A+,4.0,passed
HUS,23000043,MAT1204,20252,1,9.0,A+,4.0,passed
HUS,23000043,MAT3374,20252,1,6.1,C,2.0,passed
HUS,23000043,MAT3519,20252,1,8.8,A,3.7,passed
HUS,23000043,MAT3560,20252,1,7.6,B,3.0,passed
HUS,23000043,THL1057,20252,1,6.5,C+,2.5,passed
HUS,23000044,HUS1011,20231,1,3.2,F,0.0,failed
HUS,23000044,MAT2400,20231,1,3.6,F,0.0,failed
HUS,23000044,MAT2501,20231,1,4.3,D,1.0,passed
HUS,23000044,MAT3500,20231,1,5.1,D+,1.5,passed
HUS,23000044,HUS1011,20232,2,6.1,C,2.0,passed
HUS,23000044,MAT2400,20232,2,3.0,F,0.0,failed
HUS,23000044,PHI1006,20232,1,6.2,C,2.0,passed
HUS,23000044,FLF1107,20232,1,5.4,D+,1.5,passed
HUS,23000044,HUS1022,20232,1,5.4,D+,1.5,passed
HUS,23000044,MAT3557,20232,1,7.2,B,3.0,passed
HUS,23000044,MAT2400,20241,3,4.8,D,1.0,passed
HUS,23000044,MAT2502,20241,1,3.5,F,0.0,failed
HUS,23000044,MAT2505,20241,1,3.7,F,0.0,failed
HUS,23000044,PEC1008,20241,1,6.8,C+,2.5,passed
HUS,23000044,HUS1012,20241,1,5.1,D+,1.5,passed
HUS,23000044,HUS1024,20241,1,5.6,C,2.0,passed
HUS,23000044,MAT2502,20242,2,4.9,D,1.0,passed
HUS,23000044,MAT2505,20242,2,6.7,C+,2.5,passed
HUS,23000044,PHI1002,20242,1,6.4,C,2.0,passed
HUS,23000044,HIS1001,20242,1,6.0,C,2.0,passed
HUS,23000044,MAT1205E,20242,1,8.6,A,3.7,passed
HUS,23000044,MAT2403,20242,1,6.3,C,2.0,passed
HUS,23000044,MAT1202,20251,1,5.2,D+,1.5,passed
HUS,23000044,MAT2323,20251,1,2.2,F,0.0,failed
HUS,23000044,MAT2503,20251,1,5.0,D+,1.5,passed
HUS,23000044,MAT3514,20251,1,5.8,C,2.0,passed
HUS,23000044,MAT3505,20251,1,6.6,C+,2.5,passed
HUS,23000044,MAT3507,20251,1,5.3,D+,1.5,passed
HUS,23000044,MAT2323,20252,2,4.8,D,1.0,passed
HUS,23000044,MAT3550E,20252,1,7.4,B,3.0,passed
HUS,23000044,MAT1206E,20252,1,4.2,D,1.0,passed
HUS,23000044,MAT2407,20252,1,7.5,B,3.0,passed
HUS,23000044,MAT3506,20252,1,7.1,B,3.0,passed
HUS,23000044,MAT3552E,20252,1,3.5,F,0.0,failed
HUS,23000044,POL1001,20252,1,7.6,B,3.0,passed
HUS,23000045,HUS1011,20231,1,3.3,F,0.0,failed
HUS,23000045,MAT2400,20231,1,5.3,D+,1.5,passed
HUS,23000045,MAT2501,20231,1,8.4,B+,3.5,passed
HUS,23000045,MAT3500,20231,1,8.3,B+,3.5,passed
HUS,23000045,PHI1006,20231,1,8.4,B+,3.5,passed
HUS,23000045,HUS1011,20232,2,4.6,D,1.0,passed
HUS,23000045,FLF1107,20232,1,8.9,A,3.7,passed
HUS,23000045,HUS1022,20232,1,6.9,C+,2.5,passed
HUS,23000045,MAT2502,20232,1,3.4,F,0.0,failed
HUS,23000045,MAT3557,20232,1,5.9,C,2.0,passed
HUS,23000045,PEC1008,20232,1,5.7,C,2.0,passed
HUS,23000045,MAT2502,20241,2,4.7,D,1.0,passed
HUS,23000045,MAT2505,20241,1,5.4,D+,1.5,passed
HUS,23000045,HUS1012,20241,1,7.2,B,3.0,passed
HUS,23000045,HUS1024,20241,1,4.2,D,1.0,passed
HUS,23000045,PHI1002,20241,1,6.0,C,2.0,passed
HUS,23000045,MAT1202,20242,1,5.3,D+,1.5,passed
HUS,23000045,MAT2323,20242,1,6.5,C+,2.5,passed
HUS,23000045,MAT2503,20242,1,5.2,D+,1.5,passed
HUS,23000045,MAT3514,20242,1,6.9,C+,2.5,passed
HUS,23000045,HIS1001,20242,1,4.7,D,1.0,passed
HUS,23000045,MAT1205E,20242,1,9.4,A+,4.0,passed
HUS,23000045,MAT2403,20242,1,6.5,C+,2.5,passed
HUS,23000045,MAT3505,20251,1,5.6,C,2.0,passed
HUS,23000045,MAT3507,20251,1,5.2,D+,1.5,passed
HUS,23000045,MAT3550E,20251,1,6.3,C,2.0,passed
HUS,23000045,MAT2407,20251,1,7.3,B,3.0,passed
HUS,23000045,MAT3506,20251,1,6.6,C+,2.5,passed
HUS,23000045,MAT3533,20251,1,5.2,D+,1.5,passed
HUS,23000045,POL1001,20251,1,4.5,D,1.0,passed
HUS,23000045,MAT1206E,20252,1,4.5,D,1.0,passed
HUS,23000045,MAT3552E,20252,1,7.2,B,3.0,passed
HUS,23000045,MAT1204,20252,1,5.1,D+,1.5,passed
HUS,23000045,MAT3373E,20252,1,4.5,D,1.0,passed
HUS,23000045,MAT3541E,20252,1,6.9,C+,2.5,passed
HUS,23000045,MAT3558,20252,1,7.6,B,3.0,passed
HUS,23000045,MAT3560,20252,1,8.3,B+,3.5,passed
HUS,23000045,THL1057,20252,1,8.7,A,3.7,passed
HUS,23000046,HUS1011,20231,1,8.4,B+,3.5,passed
HUS,23000046,MAT2400,20231,1,5.9,C,2.0,passed
HUS,23000046,MAT2501,20231,1,5.7,C,2.0,passed
HUS,23000046,MAT3500,20231,1,7.1,B,3.0,passed
HUS,23000046,PHI1006,20231,1,7.7,B,3.0,passed
HUS,23000046,FLF1107,20232,1,5.9,C,2.0,passed
HUS,23000046,HUS1023,20232,1,9.5,A+,4.0,passed
HUS,23000046,MAT2502,20232,1,7.7,B,3.0,passed
HUS,23000046,MAT2505,20232,1,9.7,A+,4.0,passed
HUS,23000046,MAT3557,20232,1,6.0,C,2.0,passed
HUS,23000046,PEC1008,20232,1,6.6,C+,2.5,passed
HUS,23000046,HUS1012,20241,1,7.9,B,3.0,passed
HUS,23000046,HUS1024,20241,1,8.3,B+,3.5,passed
HUS,23000046,MAT1202,20241,1,8.1,B+,3.5,passed
HUS,23000046,MAT2323,20241,1,5.8,C,2.0,passed
HUS,23000046,MAT2503,20241,1,9.5,A+,4.0,passed
HUS,23000046,MAT3514,20241,1,8.1,B+,3.5,passed
HUS,23000046,PHI1002,20241,1,7.0,B,3.0,passed
HUS,23000046,HIS1001,20242,1,6.5,C+,2.5,passed
HUS,23000046,MAT1205E,20242,1,5.7,C,2.0,passed
HUS,23000046,MAT2403,20242,1,6.0,C,2.0,passed
HUS,23000046,MAT3505,20242,1,5.2,D+,1.5,passed
HUS,23000046,MAT3507,20242,1,7.9,B,3.0,passed
HUS,23000046,MAT3550E,20242,1,7.9,B,3.0,passed
HUS,23000046,MAT1206E,20251,1,6.6,C+,2.5,passed
HUS,23000046,MAT3506,20251,1,6.6,C+,2.5,passed
HUS,23000046,MAT3533,20251,1,6.9,C+,2.5,passed
HUS,23000046,POL1001,20251,1,9.7,A+,4.0,passed
HUS,23000046,MAT2407,20252,1,7.8,B,3.0,passed
HUS,23000046,MAT3552E,20252,1,9.1,A+,4.0,passed
HUS,23000046,MAT1204,20252,1,7.4,B,3.0,passed
HUS,23000046,MAT3373E,20252,1,7.1,B,3.0,passed
HUS,23000046,MAT3374,20252,1,9.0,A+,4.0,passed
HUS,23000046,MAT3519,20252,1,8.9,A,3.7,passed
HUS,23000046,MAT3541E,20252,1,7.7,B,3.0,passed
HUS,23000047,FLF1107,20231,1,,,,exempted
HUS,23000047,HUS1011,20231,1,7.5,B,3.0,passed
HUS,23000047,MAT2400,20231,1,8.9,A,3.7,passed
HUS,23000047,MAT2501,20231,1,8.8,A,3.7,passed
HUS,23000047,MAT3500,20231,1,7.7,B,3.0,passed
HUS,23000047,PHI1006,20231,1,6.3,C,2.0,passed
HUS,23000047,HUS1022,20232,1,8.7,A,3.7,passed
HUS,23000047,MAT2502,20232,1,7.0,B,3.0,passed
HUS,23000047,MAT2505,20232,1,6.2,C,2.0,passed
HUS,23000047,MAT3557,20232,1,6.6,C+,2.5,passed
HUS,23000047,PEC1008,20232,1,8.0,B+,3.5,passed
HUS,23000047,HIS1056,20241,1,3.5,F,0.0,failed
HUS,23000047,MAT1202,20241,1,8.4,B+,3.5,passed
HUS,23000047,MAT2323,20241,1,6.5,C+,2.5,passed
HUS,23000047,MAT2503,20241,1,6.1,C,2.0,passed
HUS,23000047,MAT3514,20241,1,6.8,C+,2.5,passed
HUS,23000047,PHI1002,20241,1,6.6,C+,2.5,passed
HUS,23000047,HIS1056,20242,2,7.0,B,3.0,passed
HUS,23000047,HUS1012,20242,1,5.8,C,2.0,passed
HUS,23000047,HIS1001,20242,1,7.8,B,3.0,passed
HUS,23000047,MAT1205E,20242,1,7.7,B,3.0,passed
HUS,23000047,MAT2403,20242,1,5.5,C,2.0,passed
HUS,23000047,MAT3505,20242,1,8.4,B+,3.5,passed
HUS,23000047,MAT3507,20242,1,8.6,A,3.7,passed
HUS,23000047,MAT3550E,20242,1,7.5,B,3.0,passed
HUS,23000047,MAT1206E,20251,1,9.2,A+,4.0,passed
HUS,23000047,MAT2407,20251,1,8.3,B+,3.5,passed
HUS,23000047,MAT3506,20251,1,7.8,B,3.0,passed
HUS,23000047,MAT3533,20251,1,3.8,F,0.0,failed
HUS,23000047,MAT3552E,20251,1,5.2,D+,1.5,passed
HUS,23000047,POL1001,20251,1,6.1,C,2.0,passed
HUS,23000047,MAT3533,20252,2,8.8,A,3.7,passed
HUS,23000047,MAT1204,20252,1,7.7,B,3.0,passed
HUS,23000047,MAT1208,20252,1,6.4,C,2.0,passed
HUS,23000047,MAT3373E,20252,1,7.4,B,3.0,passed
HUS,23000047,MAT3374,20252,1,6.0,C,2.0,passed
HUS,23000047,MAT3519,20252,1,8.1,B+,3.5,passed
HUS,23000047,MAT3541E,20252,1,5.6,C,2.0,passed
HUS,23000047,THL1057,20252,1,6.7,C+,2.5,passed
HUS,23000048,HUS1011,20231,1,8.5,A,3.7,passed
HUS,23000048,MAT2400,20231,1,4.9,D,1.0,passed
HUS,23000048,MAT3500,20231,1,6.4,C,2.0,passed
HUS,23000048,PHI1006,20231,1,6.2,C,2.0,passed
HUS,23000048,MAT2501,20232,1,8.1,B+,3.5,passed
HUS,23000048,FLF1107,20232,1,3.2,F,0.0,failed
HUS,23000048,HUS1022,20232,1,6.2,C,2.0,passed
HUS,23000048,MAT2505,20232,1,5.3,D+,1.5,passed
HUS,23000048,MAT3557,20232,1,5.5,C,2.0,passed
HUS,23000048,PEC1008,20232,1,4.5,D,1.0,passed
HUS,23000048,FLF1107,20241,2,5.9,C,2.0,passed
HUS,23000048,MAT2502,20241,1,5.4,D+,1.5,passed
HUS,23000048,HUS1012,20241,1,7.4,B,3.0,passed
HUS,23000048,HUS1024,20241,1,3.8,F,0.0,failed
HUS,23000048,MAT1202,20241,1,8.1,B+,3.5,passed
HUS,23000048,MAT3514,20241,1,7.8,B,3.0,passed
HUS,23000048,PHI1002,20241,1,5.1,D+,1.5,passed
HUS,23000048,MAT2323,20242,1,6.0,C,2.0,passed
HUS,23000048,MAT2503,20242,1,4.9,D,1.0,passed
HUS,23000048,HIS1001,20242,1,4.1,D,1.0,passed
HUS,23000048,MAT1205E,20242,1,4.8,D,1.0,passed
HUS,23000048,MAT2403,20242,1,5.7,C,2.0,passed
HUS,23000048,MAT3505,20242,1,5.0,D+,1.5,passed
HUS,23000048,MAT3507,20242,1,6.3,C,2.0,passed
HUS,23000048,HUS1024,20251,2,6.2,C,2.0,passed
HUS,23000048,MAT3550E,20251,1,4.4,D,1.0,passed
HUS,23000048,MAT1206E,20251,1,5.0,D+,1.5,passed
HUS,23000048,MAT2407,20251,1,6.5,C+,2.5,passed
HUS,23000048,MAT3506,20251,1,6.2,C,2.0,passed
HUS,23000048,MAT3533,20251,1,4.9,D,1.0,passed
HUS,23000048,MAT3552E,20251,1,5.2,D+,1.5,passed
HUS,23000048,POL1001,20252,1,3.9,F,0.0,failed
HUS,23000048,MAT1204,20252,1,6.1,C,2.0,passed
HUS,23000048,MAT1208,20252,1,4.7,D,1.0,passed
HUS,23000048,MAT3373E,20252,1,4.8,D,1.0,passed
HUS,23000048,MAT3374,20252,1,2.5,F,0.0,failed
HUS,23000048,MAT3519,20252,1,6.8,C+,2.5,passed
HUS,23000048,MAT3541E,20252,1,5.0,D+,1.5,passed
HUS,23000048,THL1057,20252,1,5.3,D+,1.5,passed
HUS,23000049,HUS1011,20231,1,9.1,A+,4.0,passed
HUS,23000049,MAT2400,20231,1,8.9,A,3.7,passed
HUS,23000049,MAT2501,20231,1,8.0,B+,3.5,passed
HUS,23000049,MAT3500,20231,1,6.4,C,2.0,passed
HUS,23000049,PHI1006,20231,1,7.8,B,3.0,passed
HUS,23000049,MAT2502,20232,1,7.5,B,3.0,passed
HUS,23000049,MAT2505,20232,1,7.2,B,3.0,passed
HUS,23000049,MAT3557,20232,1,10.0,A+,4.0,passed
HUS,23000049,FLF1107,20241,1,10.0,A+,4.0,passed
HUS,23000049,HUS1022,20241,1,7.1,B,3.0,passed
HUS,23000049,PEC1008,20241,1,7.5,B,3.0,passed
HUS,23000049,HUS1012,20241,1,10.0,A+,4.0,passed
HUS,23000049,HUS1021,20241,1,10.0,A+,4.0,passed
HUS,23000049,MAT1202,20241,1,7.5,B,3.0,passed
HUS,23000049,MAT2323,20241,1,6.9,C+,2.5,passed
HUS,23000049,MAT2503,20241,1,6.8,C+,2.5,passed
HUS,23000049,MAT3514,20242,1,9.1,A+,4.0,passed
HUS,23000049,PHI1002,20242,1,9.4,A+,4.0,passed
HUS,23000049,HIS1001,20242,1,8.1,B+,3.5,passed
HUS,23000049,MAT1205E,20242,1,10.0,A+,4.0,passed
HUS,23000049,MAT2403,20242,1,7.5,B,3.0,passed
HUS,23000049,MAT3505,20242,1,10.0,A+,4.0,passed
HUS,23000049,MAT3507,20242,1,8.2,B+,3.5,passed
HUS,23000049,MAT3550E,20251,1,8.8,A,3.7,passed
HUS,23000049,MAT1206E,20251,1,9.0,A+,4.0,passed
HUS,23000049,MAT2407,20251,1,9.5,A+,4.0,passed
HUS,23000049,MAT3506,20251,1,7.0,B,3.0,passed
HUS,23000049,MAT3533,20251,1,8.9,A,3.7,passed
HUS,23000049,MAT3552E,20251,1,7.5,B,3.0,passed
HUS,23000049,POL1001,20251,1,8.1,B+,3.5,passed
HUS,23000049,MAT1204,20252,1,9.9,A+,4.0,passed
HUS,23000049,MAT1208,20252,1,6.2,C,2.0,passed
HUS,23000049,MAT3373E,20252,1,10.0,A+,4.0,passed
HUS,23000049,MAT3374,20252,1,7.4,B,3.0,passed
HUS,23000049,MAT3541E,20252,1,9.0,A+,4.0,passed
HUS,23000049,MAT3558,20252,1,10.0,A+,4.0,passed
HUS,23000049,THL1057,20252,1,9.2,A+,4.0,passed
HUS,23000050,HUS1011,20231,1,7.2,B,3.0,passed
HUS,23000050,MAT2400,20231,1,7.4,B,3.0,passed
HUS,23000050,MAT2501,20231,1,6.0,C,2.0,passed
HUS,23000050,MAT3500,20231,1,9.5,A+,4.0,passed
HUS,23000050,PHI1006,20231,1,8.8,A,3.7,passed
HUS,23000050,FLF1107,20232,1,8.6,A,3.7,passed
HUS,23000050,HUS1023,20232,1,8.7,A,3.7,passed
HUS,23000050,MAT2502,20232,1,8.5,A,3.7,passed
HUS,23000050,MAT3557,20232,1,7.0,B,3.0,passed
HUS,23000050,PEC1008,20232,1,6.9,C+,2.5,passed
HUS,23000050,MAT2505,20241,1,9.1,A+,4.0,passed
HUS,23000050,HIS1056,20241,1,8.4,B+,3.5,passed
HUS,23000050,HUS1012,20241,1,7.7,B,3.0,passed
HUS,23000050,MAT2323,20241,1,8.5,A,3.7,passed
HUS,23000050,MAT2503,20241,1,7.2,B,3.0,passed
HUS,23000050,PHI1002,20241,1,8.7,A,3.7,passed
HUS,23000050,MAT1202,20242,1,8.7,A,3.7,passed
HUS,23000050,MAT3514,20242,1,8.3,B+,3.5,passed
HUS,23000050,HIS1001,20242,1,8.0,B+,3.5,passed
HUS,23000050,MAT1205E,20242,1,9.7,A+,4.0,passed
HUS,23000050,MAT2403,20242,1,9.0,A+,4.0,passed
HUS,23000050,MAT3505,20242,1,7.3,B,3.0,passed
HUS,23000050,MAT3507,20242,1,10.0,A+,4.0,passed
HUS,23000050,MAT3550E,20251,1,8.7,A,3.7,passed
HUS,23000050,MAT1206E,20251,1,8.3,B+,3.5,passed
HUS,23000050,MAT2407,20251,1,7.4,B,3.0,passed
HUS,23000050,MAT3506,20251,1,8.1,B+,3.5,passed
HUS,23000050,MAT3533,20251,1,7.7,B,3.0,passed
HUS,23000050,MAT3552E,20251,1,7.9,B,3.0,passed
HUS,23000050,POL1001,20251,1,8.3,B+,3.5,passed
HUS,23000050,MAT3373E,20252,1,4.7,D,1.0,passed
HUS,23000050,MAT3374,20252,1,7.8,B,3.0,passed
HUS,23000050,MAT3541E,20252,1,7.0,B,3.0,passed
HUS,23000050,MAT3558,20252,1,8.4,B+,3.5,passed
HUS,23000050,THL1057,20252,1,10.0,A+,4.0,passed
